matricula,nombre,paterno,materno,carrera,servicio
05302669,ROMAN JOSE,HIGON,GABALDON,Licenciatura en Administración,29 DE ABRIL DE 1998 AL 26 DE OCTUBRE DE 1998
C99308050,JOSE FELICIANO,CASTILLEJOS,RAJOY,Ingeniería en Sistemas Computacionales,7 DE JULIO DE 2010 AL 3 DE ENERO DE 2011
23300430,FRANCISCA SUSANA,ERNESTO,KACZMAREK,Ingeniería en Electrónica,15 DE DICIEMBRE DE 1976 AL 13 DE JUNIO DE 1977
09305278,LIBARDO,ECEIZABARRENA,BARTHA,Ingeniería en Sistemas Computacionales,6 DE ENERO DE 1982 AL 5 DE JULIO DE 1982
87303555,NAEL,INDA,PUJADO,Ingeniería en Sistemas Computacionales,11 DE DICIEMBRE DE 1980 AL 9 DE JUNIO DE 1981
18305659,EULOGIA,EL FILALI,MAGAZ,Ingeniería Industrial,30 DE ENERO DE 2001 AL 29 DE JULIO DE 2001
22304569,MARC ALBERT,RENARD,MUR,Licenciatura en Administración,2 DE FEBRERO DE 1979 AL 1 DE AGOSTO DE 1979
17306739,FERNANDO SEBASTIAN,ANEAS,REHMAN,Licenciatura en Administración,27 DE JUNIO DE 2022 AL 24 DE DICIEMBRE DE 2022
06304802,ERMERINDA,SANTEIRO,CEBOLLERO,Licenciatura en Contaduría,10 DE ABRIL DE 1982 AL 7 DE OCTUBRE DE 1982
C05303091,INOCENCIO MANUEL,APRESA,LECHOSA,Ingeniería en Electrónica,26 DE OCTUBRE DE 2003 AL 23 DE ABRIL DE 2004
07301773,NIEVES ROSARIO,BRESCO,LIZANA,Ingeniería en Electrónica,1 DE JULIO DE 1983 AL 28 DE DICIEMBRE DE 1983
C76306117,FELLA,MANGAS,SANTAULARIA,Licenciatura en Contaduría,6 DE ABRIL DE 2023 AL 3 DE OCTUBRE DE 2023
15301612,MARY FLOR,MONCAYO,BACELO,Licenciatura en Contaduría,19 DE OCTUBRE DE 2014 AL 17 DE ABRIL DE 2015
95303065,NAN,DOPORTO,SIBAJA,Licenciatura en Administración,16 DE MARZO DE 1974 AL 12 DE SEPTIEMBRE DE 1974
C01306798,GASTON EDUARDO,EL AMRAOUI,EL KHARRAZ,Ingeniería en Sistemas Computacionales,2 DE NOVIEMBRE DE 2017 AL 1 DE MAYO DE 2018
C99301139,EDWIN ALEJANDRO,GALLASTEGUI,IRULEGUI,Licenciatura en Contaduría,21 DE SEPTIEMBRE DE 2017 AL 20 DE MARZO DE 2018
C12305776,EDUARD ADRIAN,FORTUN,DONAT,Licenciatura en Administración,21 DE DICIEMBRE DE 1996 AL 19 DE JUNIO DE 1997
86307895,MARIA FLORICA,YOUSFI,MLADENOVA,Licenciatura en Contaduría,28 DE ENERO DE 2008 AL 26 DE JULIO DE 2008
11309391,ZHOR,AMRANI,FORMENTO,Ingeniería en Electrónica,5 DE JUNIO DE 2009 AL 2 DE DICIEMBRE DE 2009
18300816,TOVE,MENJIBAR,ROTELA,Ingeniería Industrial,28 DE AGOSTO DE 1993 AL 24 DE FEBRERO DE 1994
C14303137,VICTOR MATEO,PLACER,DE LOS DOLORES,Ingeniería Industrial,8 DE OCTUBRE DE 2018 AL 6 DE ABRIL DE 2019
20301221,RAFAEL LEONARDO,LOPEZ DE HEREDIA,SALADA,Ingeniería en Electrónica,13 DE NOVIEMBRE DE 2003 AL 11 DE MAYO DE 2004
84305203,DOMITILO,PARADA,OLIVAN,Ingeniería en Sistemas Computacionales,23 DE JULIO DE 2015 AL 19 DE ENERO DE 2016
08304126,ANGELO MANUEL,CHIKRI,BELLMUNT,Licenciatura en Contaduría,24 DE MARZO DE 2013 AL 20 DE SEPTIEMBRE DE 2013
C00308240,ORLANDO DAVID,ALTUBE,FRASES,Licenciatura en Contaduría,10 DE ENERO DE 2006 AL 9 DE JULIO DE 2006
C20307540,DIEGO PEDRO,SALDIVAR,MERCEDES,Licenciatura en Administración,18 DE AGOSTO DE 2009 AL 14 DE FEBRERO DE 2010
C23305359,HAMIDO,MONTEMAYOR,OCHOA DE RETANA,Ingeniería en Sistemas Computacionales,3 DE MARZO DE 2000 AL 30 DE AGOSTO DE 2000
C00306753,SORIN MARIAN,GAYOSO,HALCON,Licenciatura en Administración,6 DE NOVIEMBRE DE 1977 AL 5 DE MAYO DE 1978
C97305643,MANUEL CLAUDIO,LLIN,DE LA POZA,Licenciatura en Administración,27 DE MAYO DE 2015 AL 23 DE NOVIEMBRE DE 2015
16301400,MANISH,GRABOLEDA,MARIGO,Licenciatura en Contaduría,5 DE FEBRERO DE 2014 AL 4 DE AGOSTO DE 2014
C10307482,COSTEL ADRIAN,BROCO,SILGO,Licenciatura en Administración,14 DE SEPTIEMBRE DE 2013 AL 13 DE MARZO DE 2014
C24306074,NESTOR ADRIAN,ELEZ,JUGO,Ingeniería en Sistemas Computacionales,3 DE MAYO DE 2018 AL 30 DE OCTUBRE DE 2018
C89301851,FERNANDO RAUL,ALTUNA,LEVANO,Ingeniería en Sistemas Computacionales,15 DE ENERO DE 2014 AL 14 DE JULIO DE 2014
78306394,EVELYN ESTEFANIA,MERELLO,DOBAÑO,Ingeniería Industrial,27 DE ENERO DE 2012 AL 25 DE JULIO DE 2012
08309419,LAHCENE,ALTUZARRA,GRACIANO,Ingeniería en Electrónica,16 DE DICIEMBRE DE 2003 AL 13 DE JUNIO DE 2004
10307046,NOARA,BARREU,SOMOVILLA,Licenciatura en Administración,6 DE SEPTIEMBRE DE 1974 AL 5 DE MARZO DE 1975
C15302569,ANIBAL JESUS,COLILLES,FELGUERA,Ingeniería Industrial,23 DE ABRIL DE 1995 AL 20 DE OCTUBRE DE 1995
C95309763,NATELA,LARRIPA,CADORNIGA,Licenciatura en Administración,29 DE ENERO DE 1976 AL 27 DE JULIO DE 1976
21307163,MARITZA ALEXANDRA,AVIVAR,CANDELERA,Licenciatura en Contaduría,4 DE MAYO DE 1975 AL 31 DE OCTUBRE DE 1975
C07307952,BATHIE,IRURETAGOIENA,SINTAS,Licenciatura en Administración,18 DE ABRIL DE 1987 AL 15 DE OCTUBRE DE 1987
C04306743,SHALVA,CONDES,CEAUSU,Ingeniería Industrial,29 DE SEPTIEMBRE DE 2017 AL 28 DE MARZO DE 2018
C95303180,NURIA MAR,LOARCE,ESPINOSA,Ingeniería en Electrónica,26 DE NOVIEMBRE DE 2000 AL 25 DE MAYO DE 2001
95306576,DIEGO AGUSTIN,OLIYNYK,SELLART,Ingeniería en Electrónica,20 DE SEPTIEMBRE DE 1993 AL 19 DE MARZO DE 1994
C75300999,MIRTA SUSANA,CHILLON,RASCON,Ingeniería Industrial,7 DE SEPTIEMBRE DE 2018 AL 6 DE MARZO DE 2019
C09307025,OTMANE,ODRIA,FONTSECA,Ingeniería en Sistemas Computacionales,2 DE ENERO DE 2007 AL 1 DE JULIO DE 2007
93305525,ROSA NURIA,LOSTE,LAMBEA,Ingeniería Industrial,31 DE DICIEMBRE DE 1989 AL 29 DE JUNIO DE 1990
C00307657,SARAH VICTORIA,SEIJIDO,ADANERO,Ingeniería en Sistemas Computacionales,3 DE SEPTIEMBRE DE 2015 AL 1 DE MARZO DE 2016
C04307009,YURY,ARCENTALES,ACEBRON,Licenciatura en Contaduría,20 DE ABRIL DE 2018 AL 17 DE OCTUBRE DE 2018
C89304625,JENNY,ESPUIG,CIOLAN,Licenciatura en Administración,31 DE JULIO DE 1983 AL 27 DE ENERO DE 1984
99304596,RUEL,CARLON,CUADRILLERO,Ingeniería en Electrónica,8 DE SEPTIEMBRE DE 2003 AL 6 DE MARZO DE 2004
C94301592,MIREN KARMELE,MORATA,ARASA,Ingeniería en Electrónica,13 DE OCTUBRE DE 2008 AL 11 DE ABRIL DE 2009
C17300112,NICOLE DAYANA,GOYOS,CAUDELI,Ingeniería en Electrónica,27 DE NOVIEMBRE DE 1986 AL 26 DE MAYO DE 1987
16303240,OLIVER DAVID,CAPUCHINO,PERIANES,Ingeniería en Sistemas Computacionales,10 DE OCTUBRE DE 2022 AL 8 DE ABRIL DE 2023
83301321,CELIA ELENA,PARAJUA,ALBISUA,Ingeniería Industrial,7 DE SEPTIEMBRE DE 2016 AL 6 DE MARZO DE 2017
C83307963,CHAKER,MARANGES,SANFIZ,Ingeniería en Electrónica,30 DE JUNIO DE 1976 AL 27 DE DICIEMBRE DE 1976
C87308867,SULTAN,TENIAS,BARTHE,Ingeniería Industrial,4 DE JUNIO DE 1998 AL 1 DE DICIEMBRE DE 1998
21308884,HUIHUI,ARRATE,MONASTERIO,Ingeniería en Electrónica,26 DE AGOSTO DE 1997 AL 22 DE FEBRERO DE 1998
07305339,JUAN GUILLERMO,CARALT,VINAGRE,Licenciatura en Contaduría,30 DE ABRIL DE 2010 AL 27 DE OCTUBRE DE 2010
90301797,FIONA MARIA,CABEZUELO,DE CARDENAS,Ingeniería Industrial,27 DE DICIEMBRE DE 1995 AL 24 DE JUNIO DE 1996
09307053,ANGEL ALVARO,BOUAZZAOUI,LAGUERA,Ingeniería Industrial,5 DE ENERO DE 1979 AL 4 DE JULIO DE 1979
C22305130,ANIKA,LECHE,PUEBLAS,Licenciatura en Administración,2 DE SEPTIEMBRE DE 1999 AL 29 DE FEBRERO DE 2000
17307608,MALINA,OSARO,GERGELY,Ingeniería en Sistemas Computacionales,17 DE AGOSTO DE 1983 AL 13 DE FEBRERO DE 1984
20303771,IRENE LUISA,HOUSNI,FORBES,Ingeniería Industrial,7 DE ABRIL DE 2006 AL 4 DE OCTUBRE DE 2006
C13300881,MANUELA VALLE,DE LA VIUDA,AGIRREZABALA,Ingeniería en Electrónica,24 DE SEPTIEMBRE DE 1985 AL 23 DE MARZO DE 1986
C03303773,ISIDRO DANIEL,RESINES,RUFI,Licenciatura en Contaduría,29 DE OCTUBRE DE 1982 AL 27 DE ABRIL DE 1983
10300674,MITKO,CALIX,BRACHO,Licenciatura en Contaduría,9 DE AGOSTO DE 1978 AL 5 DE FEBRERO DE 1979
C22308712,STEPHEN JOSEPH,GAVALDA,TRAORE,Ingeniería en Electrónica,9 DE ABRIL DE 1986 AL 6 DE OCTUBRE DE 1986
C99300801,ANDREA MARTA,CARDOZO,RIFI,Licenciatura en Contaduría,11 DE ABRIL DE 2002 AL 8 DE OCTUBRE DE 2002
C89300459,IVANIA,ROSCO,DOSANTOS,Ingeniería en Sistemas Computacionales,28 DE AGOSTO DE 2021 AL 24 DE FEBRERO DE 2022
83300992,EDGAR JOSE,MARRERO,ZUFIAUR,Ingeniería Industrial,19 DE MARZO DE 1989 AL 15 DE SEPTIEMBRE DE 1989
C95301318,GOHAR,MUSTEATA,PIQUET,Ingeniería Industrial,18 DE JULIO DE 2007 AL 14 DE ENERO DE 2008
04300394,ELORRI,PARRILLO,GURT,Licenciatura en Administración,14 DE DICIEMBRE DE 2016 AL 12 DE JUNIO DE 2017
C03303626,ADAM ROBERT,LOZADA,TOBARES,Ingeniería en Electrónica,14 DE DICIEMBRE DE 2001 AL 12 DE JUNIO DE 2002
C18309119,SARA PAULA,SALL,TEZANOS,Ingeniería en Sistemas Computacionales,4 DE AGOSTO DE 2020 AL 31 DE ENERO DE 2021
C11302696,EL HOCINE,BADER,FLORICA,Licenciatura en Administración,17 DE MAYO DE 1985 AL 13 DE NOVIEMBRE DE 1985
76303155,VIOREL NICOLAE,MARTINAVARRO,GIURCA,Ingeniería Industrial,5 DE AGOSTO DE 2013 AL 1 DE FEBRERO DE 2014
87307580,SHARA,PERLES,RUMBAU,Ingeniería en Electrónica,4 DE JUNIO DE 2013 AL 1 DE DICIEMBRE DE 2013
85308251,PENG,DE AGUIAR,LENGUA,Ingeniería en Electrónica,22 DE AGOSTO DE 1975 AL 18 DE FEBRERO DE 1976
C22304145,MARY BRIDGET,JIANU,MARS,Ingeniería Industrial,6 DE JULIO DE 1994 AL 2 DE ENERO DE 1995
C80301335,JEISON ANDRES,HERNANGOMEZ,ALABART,Licenciatura en Contaduría,18 DE AGOSTO DE 1976 AL 14 DE FEBRERO DE 1977
C99304261,NURIA INES,FORJAN,BOIZA,Ingeniería en Electrónica,31 DE DICIEMBRE DE 1979 AL 28 DE JUNIO DE 1980
09300837,DARWIN VINICIO,GALCERA,QUINTAIROS,Ingeniería Industrial,16 DE SEPTIEMBRE DE 1988 AL 15 DE MARZO DE 1989
89308066,ALINA FLORENTINA,RODES,ARCEO,Ingeniería en Electrónica,23 DE ENERO DE 2004 AL 21 DE JULIO DE 2004
89305681,JIMENA ALEXANDRA,PRECUP,CARAMES,Licenciatura en Contaduría,2 DE JULIO DE 2010 AL 29 DE DICIEMBRE DE 2010
96302227,ALBA ESTHER,BLUM,ESPINOSA DE LOS MONTEROS,Licenciatura en Administración,22 DE MARZO DE 1994 AL 18 DE SEPTIEMBRE DE 1994
99308259,ANA IOANA,LLUCIA,CORTIZO,Ingeniería en Sistemas Computacionales,19 DE OCTUBRE DE 2014 AL 17 DE ABRIL DE 2015
C89306866,CELINA,GRANDA,DIAZ BLANCO,Licenciatura en Administración,15 DE SEPTIEMBRE DE 1990 AL 14 DE MARZO DE 1991
98306178,IELTXU,NUBIOLA,GARTZIA,Ingeniería Industrial,24 DE MARZO DE 1996 AL 20 DE SEPTIEMBRE DE 1996
C77304437,DAMIAN AGUSTIN,EL GHOUFAIRI,PERALTA,Ingeniería Industrial,29 DE ENERO DE 2012 AL 27 DE JULIO DE 2012
97309724,PEDRO MIGUEL,AUSEJO,HUGHES,Licenciatura en Contaduría,14 DE SEPTIEMBRE DE 2015 AL 12 DE MARZO DE 2016
C78306790,JOSELIN,MOLINS,BENEDE,Licenciatura en Contaduría,24 DE JULIO DE 2016 AL 20 DE ENERO DE 2017
83305377,CARMEN JANET,CASCAJO,ZOLTAN,Ingeniería en Electrónica,21 DE NOVIEMBRE DE 2016 AL 20 DE MAYO DE 2017
C01306781,HICHAN,NAGEL,EZE,Ingeniería en Sistemas Computacionales,19 DE MARZO DE 1980 AL 15 DE SEPTIEMBRE DE 1980
C92302495,JORGE GABRIEL,VINYES,AGUILELLA,Ingeniería en Sistemas Computacionales,15 DE FEBRERO DE 2006 AL 14 DE AGOSTO DE 2006
88300567,DOMITILA,TRULLA,VERDEGAY,Licenciatura en Administración,2 DE OCTUBRE DE 1978 AL 31 DE MARZO DE 1979
C10306013,ALEXANDRU MADALIN,ALHAJA,MANTECA,Licenciatura en Administración,30 DE DICIEMBRE DE 1989 AL 28 DE JUNIO DE 1990
24309963,NICOLETA CATALINA,SABALZA,PESANTES,Licenciatura en Contaduría,31 DE DICIEMBRE DE 2022 AL 29 DE JUNIO DE 2023
99307365,ALOIS,TOS,EL YAHIAOUI,Ingeniería en Electrónica,4 DE ENERO DE 1993 AL 3 DE JULIO DE 1993
C11309421,TIFA,MAZORRIAGA,ALBISUA,Ingeniería Industrial,7 DE JUNIO DE 1996 AL 4 DE DICIEMBRE DE 1996
C83301071,CORNELIA MARIA,CORDEIRO,IONAS,Ingeniería en Electrónica,2 DE JUNIO DE 1986 AL 29 DE NOVIEMBRE DE 1986
C20303368,BENJAMIN ANTONIO,STELLA,SANTOLALLA,Licenciatura en Contaduría,18 DE JUNIO DE 1996 AL 15 DE DICIEMBRE DE 1996
79307710,MIREN UXUE,AVI,POLEO,Ingeniería en Sistemas Computacionales,6 DE JULIO DE 1995 AL 2 DE ENERO DE 1996
80309171,OSARIEMEN,PEREZ DE VARGAS,BENAMEUR,Ingeniería en Sistemas Computacionales,9 DE MARZO DE 2018 AL 5 DE SEPTIEMBRE DE 2018
C20301042,LUZMILA,MARZANA,ELOSEGUI,Licenciatura en Administración,8 DE JUNIO DE 1974 AL 5 DE DICIEMBRE DE 1974
C98302519,AMALIA LUISA,RODRIGUES,EL LYAZIDI,Ingeniería Industrial,31 DE MAYO DE 2014 AL 27 DE NOVIEMBRE DE 2014
C88308824,CHUNLAN,MORION,ESPELTA,Licenciatura en Contaduría,16 DE JULIO DE 2013 AL 12 DE ENERO DE 2014
C16308510,ANA CONSOLACION,SINGLA,ESONO,Licenciatura en Administración,25 DE MAYO DE 1985 AL 21 DE NOVIEMBRE DE 1985
75309973,PATRICIA CARLA,RAMIREZ,AFZAAL,Ingeniería Industrial,10 DE JULIO DE 2021 AL 6 DE ENERO DE 2022
02308218,SALVADOR DAVID,ALPAÑEZ,FLORENTINO,Licenciatura en Contaduría,22 DE DICIEMBRE DE 1994 AL 20 DE JUNIO DE 1995
C89309791,JEROBEL,PUJOLAR,USAR,Ingeniería en Electrónica,5 DE MARZO DE 2023 AL 1 DE SEPTIEMBRE DE 2023
06300754,EL MAHFOUD,DE SOUZA,ROCHELA,Ingeniería en Sistemas Computacionales,5 DE ABRIL DE 1996 AL 2 DE OCTUBRE DE 1996
C98300572,JULIO ESTEBAN,CAMINOS,NUNEZ,Licenciatura en Contaduría,30 DE ENERO DE 1996 AL 28 DE JULIO DE 1996
23307659,MARIA YARA,APESTEGUI,LIZANDRA,Ingeniería en Electrónica,4 DE OCTUBRE DE 1993 AL 2 DE ABRIL DE 1994
C83304328,RONALD,FONTAO,DJALO,Ingeniería en Electrónica,2 DE SEPTIEMBRE DE 2012 AL 1 DE MARZO DE 2013
C74303318,DAYANARA,AMILLS,BRUNS,Ingeniería en Sistemas Computacionales,10 DE AGOSTO DE 1981 AL 6 DE FEBRERO DE 1982
C12302342,JOSE CRISPIN,CHRISTENSEN,SANNICOLAS,Licenciatura en Contaduría,10 DE MARZO DE 1981 AL 6 DE SEPTIEMBRE DE 1981
86307577,OUTMANE,ZUFIAUR,MIRALPEIX,Licenciatura en Contaduría,26 DE MAYO DE 1995 AL 22 DE NOVIEMBRE DE 1995
83303644,ANGIE LORENA,BORRAJO,DE PALMA,Ingeniería Industrial,10 DE MAYO DE 1997 AL 6 DE NOVIEMBRE DE 1997
C91300293,CLAUDIA LETICIA,GALLINA,FERNANDEZ MARCOTE,Ingeniería en Sistemas Computacionales,12 DE ABRIL DE 1987 AL 9 DE OCTUBRE DE 1987
C77307243,MIRON,DE LA ROCA,ORTUBIA,Ingeniería en Sistemas Computacionales,15 DE MAYO DE 1995 AL 11 DE NOVIEMBRE DE 1995
80307387,REHMAN,BUERA,BELMAMOUN,Ingeniería en Sistemas Computacionales,29 DE SEPTIEMBRE DE 2020 AL 28 DE MARZO DE 2021
C21309437,JOHN FABER,STOYANOV,GALIANO,Ingeniería en Sistemas Computacionales,30 DE ABRIL DE 1989 AL 27 DE OCTUBRE DE 1989
96307484,GRAHAM MICHAEL,OTAL,ESTENAGA,Ingeniería en Electrónica,10 DE AGOSTO DE 1984 AL 6 DE FEBRERO DE 1985
C21305301,JOZEFA,CORCOVEANU,SEGURO,Licenciatura en Administración,22 DE ENERO DE 2003 AL 21 DE JULIO DE 2003
08300029,MARCO ANDRES,BASSOLS,CLADERA,Licenciatura en Administración,14 DE MARZO DE 1977 AL 10 DE SEPTIEMBRE DE 1977
07302704,CESAR MIGUEL,LIMAS,BADOS,Ingeniería en Electrónica,29 DE NOVIEMBRE DE 1988 AL 28 DE MAYO DE 1989
10308614,MATTI,PEÑALVO,SONET,Ingeniería Industrial,21 DE SEPTIEMBRE DE 1982 AL 20 DE MARZO DE 1983
C03306620,LUIS MELCHOR,HENRIQUES,BASHIR,Ingeniería en Electrónica,10 DE AGOSTO DE 1979 AL 6 DE FEBRERO DE 1980
C88301378,BRAIMA,CABEZA DE VACA,AGHBALOU,Licenciatura en Contaduría,22 DE DICIEMBRE DE 2008 AL 20 DE JUNIO DE 2009
C21306518,ANN MARIE,MISSAOUI,DE LA HIGUERA,Licenciatura en Administración,21 DE NOVIEMBRE DE 1986 AL 20 DE MAYO DE 1987
81302205,MIKELDI,RUIZ DE GORDOA,DONNAY,Ingeniería en Electrónica,25 DE AGOSTO DE 1990 AL 21 DE FEBRERO DE 1991
C23300287,TOMAS MARIANO,LOMBAS,OLASOLO,Ingeniería en Sistemas Computacionales,1 DE MAYO DE 1974 AL 28 DE OCTUBRE DE 1974
95307549,DUMITRA DANIELA,CIOCA,HANSSON,Ingeniería Industrial,23 DE MARZO DE 2017 AL 19 DE SEPTIEMBRE DE 2017
C89307827,SEILA MARIA,MASACHE,GREÑO,Licenciatura en Contaduría,17 DE JUNIO DE 1996 AL 14 DE DICIEMBRE DE 1996
82309223,ANDREEA ANA MARIA,ATOCHE,AUGE,Ingeniería en Electrónica,2 DE OCTUBRE DE 2019 AL 30 DE MARZO DE 2020
89306687,ELISA ANA,SUMOY,TUBIO,Licenciatura en Contaduría,23 DE SEPTIEMBRE DE 1996 AL 22 DE MARZO DE 1997
11306898,ROSA CRUZ,CAPO,ERRAFAI,Licenciatura en Administración,20 DE MARZO DE 1996 AL 16 DE SEPTIEMBRE DE 1996
17308328,ALEJANDRO SERGIO,AGIRRETXE,CHASCO,Licenciatura en Contaduría,16 DE DICIEMBRE DE 1974 AL 14 DE JUNIO DE 1975
C04305399,AVELINO JAVIER,ASCACIBAR,PEÑARROCHA,Ingeniería en Electrónica,28 DE ABRIL DE 2003 AL 25 DE OCTUBRE DE 2003
C90307617,JULIAN JOSE,MARINELLI,SINGEORZAN,Licenciatura en Contaduría,6 DE JUNIO DE 2007 AL 3 DE DICIEMBRE DE 2007
C74303879,LEONARDO ALEXANDER,LIAO,CEAUSU,Ingeniería en Electrónica,20 DE NOVIEMBRE DE 2004 AL 19 DE MAYO DE 2005
88300196,ELISA TERESA,KUMAR,REJANO,Ingeniería en Electrónica,3 DE JUNIO DE 2000 AL 30 DE NOVIEMBRE DE 2000
C03308393,PAULA TERESA,REMENTERIA,AMARIEI,Ingeniería en Electrónica,8 DE NOVIEMBRE DE 1987 AL 6 DE MAYO DE 1988
20304871,IONELA MIHAELA,PILDAIN,ARRUTI,Ingeniería Industrial,3 DE AGOSTO DE 2009 AL 30 DE ENERO DE 2010
21307357,LEOVIGILDA,SALOME,ABALDE,Licenciatura en Contaduría,19 DE MARZO DE 1984 AL 15 DE SEPTIEMBRE DE 1984
C77303174,SHAIMAA,FONCEA,OLIVART,Licenciatura en Contaduría,30 DE AGOSTO DE 1992 AL 26 DE FEBRERO DE 1993
C95301694,CAMILO ANTONIO,REDON,PARDILLOS,Ingeniería en Sistemas Computacionales,15 DE NOVIEMBRE DE 1981 AL 14 DE MAYO DE 1982
C25303931,ABEL FRANCISCO,BULIGA,BONOME,Licenciatura en Contaduría,5 DE JUNIO DE 2021 AL 2 DE DICIEMBRE DE 2021
07307641,ANNELI,PEREGRIN,EL AISSATI,Ingeniería Industrial,22 DE ABRIL DE 1989 AL 19 DE OCTUBRE DE 1989
C95306509,IULIA MIHAELA,ASENSI,GAUTIER,Ingeniería en Sistemas Computacionales,10 DE SEPTIEMBRE DE 2001 AL 9 DE MARZO DE 2002
04306788,VICENTE ABEL,UYARRA,ARPA,Ingeniería en Electrónica,4 DE OCTUBRE DE 2006 AL 2 DE ABRIL DE 2007
74307424,VICENTE FERMIN,NUEVALOS,EDWARDS,Ingeniería Industrial,4 DE SEPTIEMBRE DE 2019 AL 2 DE MARZO DE 2020
11300395,ADELA VICTORIA,VINUE,BEAR,Ingeniería en Electrónica,18 DE DICIEMBRE DE 1981 AL 16 DE JUNIO DE 1982
C06308890,ANA CANDIDA,SARRET,DURO,Ingeniería en Sistemas Computacionales,22 DE MARZO DE 2022 AL 18 DE SEPTIEMBRE DE 2022
23309856,MILO,MELIA,RAMADAN,Ingeniería Industrial,5 DE OCTUBRE DE 2008 AL 3 DE ABRIL DE 2009
23302519,PEDRO LAZARO,HORNERO,FERNANDEZ DE LAS HERAS,Ingeniería en Electrónica,18 DE JUNIO DE 2002 AL 15 DE DICIEMBRE DE 2002
10301182,KAREN FABIOLA,CONCHILLO,VERDU,Ingeniería en Electrónica,22 DE JULIO DE 1997 AL 18 DE ENERO DE 1998
C89307768,BAKARNE,ALAVEDRA,VENCES,Ingeniería Industrial,8 DE MAYO DE 2008 AL 4 DE NOVIEMBRE DE 2008
23306477,ENRIQUE FELIX,BAHADI,BOUJAADA,Licenciatura en Administración,22 DE FEBRERO DE 1983 AL 21 DE AGOSTO DE 1983
C91304345,MANUELA NATIVIDAD,BAYARRI,MINERO,Ingeniería en Sistemas Computacionales,8 DE SEPTIEMBRE DE 2016 AL 7 DE MARZO DE 2017
C79304123,ANTONIO ROBERTO,CORADO,IORDAN,Ingeniería Industrial,31 DE DICIEMBRE DE 1993 AL 29 DE JUNIO DE 1994
C12302815,ELENA GIANINA,VENEGAS,MORITO,Licenciatura en Contaduría,11 DE AGOSTO DE 2008 AL 7 DE FEBRERO DE 2009
20303721,JOAQUIN EDUARDO,ZALDUA,ARTASO,Ingeniería en Sistemas Computacionales,27 DE OCTUBRE DE 1991 AL 24 DE ABRIL DE 1992
06308806,LUCRECIA CARMEN,AMRAOUI,DARANAS,Ingeniería en Electrónica,21 DE MARZO DE 2012 AL 17 DE SEPTIEMBRE DE 2012
C84308697,AOUATEF,VIDAN,LANTERO,Ingeniería en Electrónica,22 DE FEBRERO DE 2011 AL 21 DE AGOSTO DE 2011
95307753,FENFEN,REMACHA,SILVO,Ingeniería en Sistemas Computacionales,2 DE AGOSTO DE 2024 AL 29 DE ENERO DE 2025
97304505,JUANA MARTINA,LUPAN,GATICA,Licenciatura en Administración,23 DE MAYO DE 1995 AL 19 DE NOVIEMBRE DE 1995
04301179,VANIA MARIA,MEDIEL,EL BOUAZZATI,Ingeniería en Sistemas Computacionales,27 DE ABRIL DE 1981 AL 24 DE OCTUBRE DE 1981
C99303014,CLAUDIA ALEXANDRA,LANERO,MORILLO,Licenciatura en Contaduría,17 DE AGOSTO DE 2003 AL 13 DE FEBRERO DE 2004
C77307026,NEREA CRISTINA,ALCUÑA,SERBAN,Licenciatura en Administración,18 DE AGOSTO DE 2021 AL 14 DE FEBRERO DE 2022
03309618,ESPERANZA CONCEPCION,ESTELRICH,MOLDERO,Ingeniería Industrial,6 DE AGOSTO DE 1995 AL 2 DE FEBRERO DE 1996
24301264,LETICIA ELIZABETH,BRI,MONTOY,Licenciatura en Administración,24 DE AGOSTO DE 2006 AL 20 DE FEBRERO DE 2007
C86302008,JUSTAS,IDIAZABAL,MESEJO,Ingeniería en Electrónica,29 DE ENERO DE 1978 AL 28 DE JULIO DE 1978
25303304,DAVINIA PINO,SARIÑENA,COLORADO,Ingeniería en Electrónica,16 DE SEPTIEMBRE DE 1983 AL 14 DE MARZO DE 1984
C06307502,RAHMAN,TOUZANI,CHITU,Ingeniería en Electrónica,14 DE OCTUBRE DE 2009 AL 12 DE ABRIL DE 2010
C13309700,SAMAN,IRAOLA,FERNANDEZ PALACIOS,Ingeniería Industrial,6 DE FEBRERO DE 2025 AL 5 DE AGOSTO DE 2025
C20300002,PAULA LORENA,LEA,HAMIDI,Ingeniería en Electrónica,7 DE ABRIL DE 1997 AL 4 DE OCTUBRE DE 1997
C88301952,JAVIER CLEMENTE,MACARRO,BERODIA,Ingeniería en Electrónica,13 DE JULIO DE 1978 AL 9 DE ENERO DE 1979
81301856,INES LUCIA,FERNANDEZ DE VELASCO,PRINCEP,Ingeniería en Electrónica,3 DE FEBRERO DE 1990 AL 2 DE AGOSTO DE 1990
88303346,NAAMA,WU,MORATILLA,Ingeniería en Electrónica,30 DE MAYO DE 2016 AL 26 DE NOVIEMBRE DE 2016
C99302311,BEATRIZ INES,ALDEANUEVA,VINCENT,Ingeniería en Electrónica,3 DE MAYO DE 1990 AL 30 DE OCTUBRE DE 1990
03304756,ZLATKA,GRAO,ALMACHI,Licenciatura en Contaduría,11 DE DICIEMBRE DE 1978 AL 9 DE JUNIO DE 1979
C03309205,LEE,STOLERU,SENAR,Licenciatura en Contaduría,3 DE JULIO DE 2017 AL 30 DE DICIEMBRE DE 2017
C18307225,MIGUEL ANTONIO,PEREZ JUANA,HAMMAD,Licenciatura en Contaduría,9 DE NOVIEMBRE DE 1996 AL 8 DE MAYO DE 1997
C99308834,CAROLINA VALERIA,PAN,MENDIGUCHIA,Ingeniería en Sistemas Computacionales,30 DE OCTUBRE DE 2017 AL 28 DE ABRIL DE 2018
76307892,IDELFONSA,PEREILA,GAYETE,Licenciatura en Contaduría,19 DE JUNIO DE 1992 AL 16 DE DICIEMBRE DE 1992
C17306213,RAFA,GARMON,CAAVEIRO,Ingeniería Industrial,5 DE NOVIEMBRE DE 2025 AL 4 DE MAYO DE 2026
02306101,PEPE,PARCERISAS,BALDOVI,Licenciatura en Contaduría,7 DE ENERO DE 2012 AL 5 DE JULIO DE 2012
95305212,MARCO ORLANDO,CUBERTORER,URBIOLA,Ingeniería en Electrónica,7 DE MAYO DE 2017 AL 3 DE NOVIEMBRE DE 2017
C18300080,DANNY DANIEL,PIE,BAHIDA,Ingeniería en Sistemas Computacionales,31 DE AGOSTO DE 2011 AL 27 DE FEBRERO DE 2012
22305711,XIUFANG,LAMAGRANDE,MONTORNES,Licenciatura en Contaduría,3 DE ABRIL DE 2025 AL 30 DE SEPTIEMBRE DE 2025
01300025,LIBERTAD,HERBOSO,BALON,Licenciatura en Contaduría,14 DE ENERO DE 2000 AL 12 DE JULIO DE 2000
77306764,GIAN MARCO,PETREA,CASTELLON,Licenciatura en Contaduría,4 DE ENERO DE 2015 AL 3 DE JULIO DE 2015
C93300886,OSVALDO ENRIQUE,ZANOGUERA,IBARLUZEA,Ingeniería en Electrónica,27 DE NOVIEMBRE DE 1995 AL 25 DE MAYO DE 1996
C13309536,ABUBAKARI,MARZO,TOMICO,Ingeniería en Sistemas Computacionales,19 DE ENERO DE 1995 AL 18 DE JULIO DE 1995
02306010,MANUEL RAUL,ABERASTURI,TABUYO,Ingeniería en Sistemas Computacionales,24 DE DICIEMBRE DE 2021 AL 22 DE JUNIO DE 2022
C89304365,WEIGUO,CURRAN,RAVIRA,Licenciatura en Contaduría,7 DE OCTUBRE DE 1997 AL 5 DE ABRIL DE 1998
21301323,CARLOS VALENTIN,CUNILL,ROCAMORA,Licenciatura en Contaduría,26 DE MAYO DE 2012 AL 22 DE NOVIEMBRE DE 2012
80309182,LAETITIA,NOCETE,ITURRIAGA,Ingeniería en Sistemas Computacionales,4 DE OCTUBRE DE 1982 AL 2 DE ABRIL DE 1983
C85303912,CORNELIU,HARPER,ISSAOUI,Ingeniería en Sistemas Computacionales,13 DE FEBRERO DE 1975 AL 12 DE AGOSTO DE 1975
C07309921,CLAIRE MARGARET,BOUJIDA,RIBES,Ingeniería en Electrónica,5 DE SEPTIEMBRE DE 1978 AL 4 DE MARZO DE 1979
02309452,AZUCENA MARIA,PRISCO,DEFAZ,Licenciatura en Administración,3 DE ABRIL DE 2014 AL 30 DE SEPTIEMBRE DE 2014
C18309328,NICOLETA DIANA,COMPES,BALOG,Licenciatura en Contaduría,8 DE ABRIL DE 1988 AL 5 DE OCTUBRE DE 1988
C80300739,RONALD PETER,VALAREZO,CASTAÑERA,Licenciatura en Contaduría,30 DE DICIEMBRE DE 1982 AL 28 DE JUNIO DE 1983
C09301370,MARIA INOCENTA,UGARTEMENDIA,CERDEIRAS,Licenciatura en Administración,10 DE ABRIL DE 1997 AL 7 DE OCTUBRE DE 1997
C77302921,JOAO RICARDO,CASABAYO,GATON,Licenciatura en Contaduría,12 DE OCTUBRE DE 2024 AL 10 DE ABRIL DE 2025
01307687,LUCIA VALLE,GALAPERO,ZULFIQAR,Ingeniería en Electrónica,22 DE NOVIEMBRE DE 2002 AL 21 DE MAYO DE 2003
24302029,CHUNFEN,TANASIE,MURELAGA,Ingeniería en Electrónica,16 DE JUNIO DE 1981 AL 13 DE DICIEMBRE DE 1981
11305444,GEORGIANA RAMONA,NOVAK,FONTOVA,Ingeniería en Electrónica,26 DE MAYO DE 1984 AL 22 DE NOVIEMBRE DE 1984
02301117,VIVIANA ELIZABETH,ANTEQUERA,MOREJON,Licenciatura en Administración,11 DE AGOSTO DE 1984 AL 7 DE FEBRERO DE 1985
82300972,MOHAMED YASSIN,CAZORLA,BAHIDA,Ingeniería en Sistemas Computacionales,28 DE MAYO DE 2010 AL 24 DE NOVIEMBRE DE 2010
91304890,ESTHER BEATRIZ,JUANIZ,PELLICERO,Ingeniería en Sistemas Computacionales,3 DE FEBRERO DE 1995 AL 2 DE AGOSTO DE 1995
C13303428,NICOLAS FABIAN,MEGOLLA,BUZA,Ingeniería en Sistemas Computacionales,2 DE AGOSTO DE 1978 AL 29 DE ENERO DE 1979
94309899,CHUNXIAO,CARON,FACAL,Ingeniería en Electrónica,22 DE FEBRERO DE 1993 AL 21 DE AGOSTO DE 1993
76302315,SANTIAGO MARTIN,GRAELL,NOURI,Ingeniería en Electrónica,31 DE MARZO DE 2014 AL 27 DE SEPTIEMBRE DE 2014
C95303077,WALTER ANTONIO,ALDAVE,PASARON,Ingeniería Industrial,8 DE MARZO DE 2010 AL 4 DE SEPTIEMBRE DE 2010
C20302879,RONALD ALBERTO,MIMENZA,CARTA,Licenciatura en Administración,9 DE MARZO DE 1977 AL 5 DE SEPTIEMBRE DE 1977
13308757,CHAYMA,MARLES,AROSA,Ingeniería en Sistemas Computacionales,17 DE FEBRERO DE 1989 AL 16 DE AGOSTO DE 1989
C96303323,MARIA DESAMPARADOS,ACHALHI,LAMIEL,Ingeniería en Sistemas Computacionales,18 DE MARZO DE 1993 AL 14 DE SEPTIEMBRE DE 1993
C92309320,ANGELES LUISA,LACA,FORES,Ingeniería Industrial,11 DE OCTUBRE DE 2011 AL 8 DE ABRIL DE 2012
C22305081,MANUELA OLGA,PEDREROL,SALESA,Ingeniería Industrial,31 DE JULIO DE 2019 AL 27 DE ENERO DE 2020
C07304056,ESAUL,LEZANA,CASASUS,Licenciatura en Contaduría,3 DE SEPTIEMBRE DE 2013 AL 2 DE MARZO DE 2014
C74300834,JOSE ADOLFO,SANTA OLALLA,MUT,Ingeniería en Electrónica,11 DE MAYO DE 2022 AL 7 DE NOVIEMBRE DE 2022
20302261,AYSHA,ARTEAGA,GONZALEZ DE MENDOZA,Licenciatura en Contaduría,11 DE DICIEMBRE DE 1976 AL 9 DE JUNIO DE 1977
C09307558,SERGIO GABRIEL,VALDEOLMILLOS,JBILOU,Ingeniería en Electrónica,8 DE MAYO DE 2010 AL 4 DE NOVIEMBRE DE 2010
82304593,IGNACIA CARMEN,DARDOUR,MUENALA,Ingeniería Industrial,1 DE DICIEMBRE DE 2015 AL 29 DE MAYO DE 2016
86306113,VICTOR MODESTO,DARANAS,JAUDENES,Ingeniería Industrial,20 DE AGOSTO DE 1976 AL 16 DE FEBRERO DE 1977
16301158,MOHAMED LEMINE,PEYDRO,CAPELL,Licenciatura en Contaduría,25 DE DICIEMBRE DE 1993 AL 23 DE JUNIO DE 1994
83301308,ROGERIO,VINYES,MERELES,Ingeniería en Electrónica,5 DE FEBRERO DE 1994 AL 4 DE AGOSTO DE 1994
00303363,BIBIAN,RITUERTO,BEZANILLA,Ingeniería en Sistemas Computacionales,5 DE DICIEMBRE DE 2020 AL 3 DE JUNIO DE 2021
C01300254,IKER DANIEL,NUENO,LAVANDERA,Ingeniería en Sistemas Computacionales,24 DE AGOSTO DE 1997 AL 20 DE FEBRERO DE 1998
90306693,ORTANSA,FARA,PESSOA,Ingeniería en Sistemas Computacionales,23 DE NOVIEMBRE DE 1991 AL 21 DE MAYO DE 1992
C13301514,MARIANO FELIPE,YANKOV,CUECO,Licenciatura en Contaduría,15 DE MAYO DE 2007 AL 11 DE NOVIEMBRE DE 2007
08302108,JUANA GUILLERMINA,FABRA,HAYNES,Ingeniería en Sistemas Computacionales,8 DE ABRIL DE 1997 AL 5 DE OCTUBRE DE 1997
C10307800,YULAN,LECANDA,SANCHEZ BERMEJO,Ingeniería en Sistemas Computacionales,19 DE ABRIL DE 1998 AL 16 DE OCTUBRE DE 1998
81302148,ION COSMIN,MULA,QUIÑOY,Licenciatura en Administración,6 DE NOVIEMBRE DE 2021 AL 5 DE MAYO DE 2022
90302658,ANDREI DUMITRU,KOSTOV,HAYOUN,Ingeniería en Sistemas Computacionales,4 DE MARZO DE 1994 AL 31 DE AGOSTO DE 1994
05304824,CLAUDIA NICOLETA,ARTARAZ,FENECH,Licenciatura en Administración,22 DE OCTUBRE DE 2000 AL 20 DE ABRIL DE 2001
15308347,MARTA SOLEDAD,ESPARTOSA,RUBER,Ingeniería en Sistemas Computacionales,24 DE ABRIL DE 2004 AL 21 DE OCTUBRE DE 2004
C08302185,SEBASTIAN GABRIEL,TARANO,TREVIJANO,Licenciatura en Administración,19 DE MARZO DE 1997 AL 15 DE SEPTIEMBRE DE 1997
80309708,GHEORGHE VIOREL,ALEO,CHACARTEGUI,Licenciatura en Administración,26 DE MARZO DE 1986 AL 22 DE SEPTIEMBRE DE 1986
C83308417,WISDOM,LAURIA,MILLS,Ingeniería en Electrónica,28 DE MAYO DE 2008 AL 24 DE NOVIEMBRE DE 2008
C82300576,PATRICIO LUIS,SONEIRA,FIALHO,Ingeniería en Sistemas Computacionales,28 DE JULIO DE 2020 AL 24 DE ENERO DE 2021
04304281,LEONARDO DAMIAN,MENGOD,FRIEDRICH,Ingeniería en Sistemas Computacionales,13 DE AGOSTO DE 2013 AL 9 DE FEBRERO DE 2014
C15302009,MARIA ERMELINDA,MORQUILLAS,ALOMOTO,Licenciatura en Contaduría,23 DE JUNIO DE 1982 AL 20 DE DICIEMBRE DE 1982
C18304327,JORGE SANTOS,VIADA,ALBONIGA,Licenciatura en Administración,25 DE OCTUBRE DE 1989 AL 23 DE ABRIL DE 1990
74306887,TRISTAN,VEGARA,SAURAS,Licenciatura en Administración,17 DE NOVIEMBRE DE 2019 AL 15 DE MAYO DE 2020
14309800,INESSA,OCHOTECO,SURIAN,Licenciatura en Administración,16 DE MARZO DE 1989 AL 12 DE SEPTIEMBRE DE 1989
76301126,WAHID,BONETE,ABELLAN,Licenciatura en Contaduría,10 DE NOVIEMBRE DE 2009 AL 9 DE MAYO DE 2010
C80300528,JOHN CHARLES,CABOT,SAMOS,Licenciatura en Contaduría,16 DE DICIEMBRE DE 2000 AL 14 DE JUNIO DE 2001
C21307057,MARIA OBDULIA,MICOLTA,YERRO,Ingeniería Industrial,29 DE MAYO DE 2000 AL 25 DE NOVIEMBRE DE 2000
00301627,FELIX ESTEBAN,AZCARATE,BOSQUED,Licenciatura en Contaduría,26 DE NOVIEMBRE DE 2018 AL 25 DE MAYO DE 2019
C95301148,MIREN SORKUNDE,ATENCIANO,CUBERTORER,Licenciatura en Administración,12 DE FEBRERO DE 1977 AL 11 DE AGOSTO DE 1977
04308081,JORGE SANTOS,COLUME,ALENDE,Licenciatura en Contaduría,13 DE ABRIL DE 2017 AL 10 DE OCTUBRE DE 2017
C90309430,DOLORES ELVIRA,SANTIUSTE,ENCHEV,Ingeniería Industrial,1 DE DICIEMBRE DE 1993 AL 30 DE MAYO DE 1994
C76304821,ANGEL ISMAEL,POLVORINOS,MIGUEL,Ingeniería en Sistemas Computacionales,13 DE AGOSTO DE 1974 AL 9 DE FEBRERO DE 1975
90302042,CYNTHIA LORENA,TORQUEMADA,YANCE,Licenciatura en Contaduría,20 DE NOVIEMBRE DE 2023 AL 18 DE MAYO DE 2024
10309371,ISIDRO RAMON,KABIR,YAGUANA,Licenciatura en Contaduría,29 DE DICIEMBRE DE 1980 AL 27 DE JUNIO DE 1981
C10308919,MARIA YLENIA,CERESUELA,VIÑALES,Licenciatura en Contaduría,4 DE MAYO DE 1979 AL 31 DE OCTUBRE DE 1979
C87300952,JOSEPH EDWARD,VILAMAJO,BUIDE,Licenciatura en Contaduría,12 DE FEBRERO DE 2011 AL 11 DE AGOSTO DE 2011
11301415,MARIA LURDES,INURRIA,EPURE,Licenciatura en Administración,4 DE MARZO DE 2017 AL 31 DE AGOSTO DE 2017
C01301265,JENNY MARISOL,MAO,JARANA,Licenciatura en Administración,10 DE MAYO DE 1991 AL 6 DE NOVIEMBRE DE 1991
C07301759,SELENE,BRUSEL,CARANDELL,Ingeniería en Sistemas Computacionales,27 DE DICIEMBRE DE 1978 AL 25 DE JUNIO DE 1979
C24300838,MANUEL ALBINO,MUERZA,TONEU,Licenciatura en Contaduría,8 DE MARZO DE 1977 AL 4 DE SEPTIEMBRE DE 1977
03304897,NIKOLAY IVANOV,BORRUECO,TESTA,Ingeniería en Electrónica,19 DE MARZO DE 1976 AL 15 DE SEPTIEMBRE DE 1976
C06309802,CARLOS ESTEBAN,INFESTAS,VILLAZON,Ingeniería en Electrónica,17 DE JULIO DE 2012 AL 13 DE ENERO DE 2013
C81306829,LOURDES GUADALUPE,PASCALAU,GARRALDA,Ingeniería en Sistemas Computacionales,11 DE ABRIL DE 1993 AL 8 DE OCTUBRE DE 1993
22303345,PATRICIA JARA,CLAPERA,CUBERES,Ingeniería Industrial,17 DE FEBRERO DE 2018 AL 16 DE AGOSTO DE 2018
C13308481,CANDIDO JOSE,TENRERO,COLOMAR,Ingeniería en Electrónica,22 DE ABRIL DE 2001 AL 19 DE OCTUBRE DE 2001
11302177,YIFEI,RIBA,FOLEY,Ingeniería en Sistemas Computacionales,15 DE MAYO DE 2022 AL 11 DE NOVIEMBRE DE 2022
C22301758,OLAU,PINARGOTE,VALLADOLID,Licenciatura en Administración,2 DE AGOSTO DE 1976 AL 29 DE ENERO DE 1977
81308623,MARGARITA SUSANA,ALI,PIA,Ingeniería en Electrónica,25 DE MAYO DE 1986 AL 21 DE NOVIEMBRE DE 1986
C90303803,ROSELI,PICATOSTE,LUÑO,Licenciatura en Contaduría,5 DE MARZO DE 2006 AL 1 DE SEPTIEMBRE DE 2006
C10309235,DENA,MARRUFO,RABERT,Licenciatura en Administración,4 DE ENERO DE 1976 AL 2 DE JULIO DE 1976
C81302812,LEONARDO JUAN,PALMIER,INOSTROZA,Ingeniería Industrial,29 DE OCTUBRE DE 2012 AL 27 DE ABRIL DE 2013
02302054,SERGIU VASILE,ESPESO,FELIX,Ingeniería Industrial,27 DE ABRIL DE 1989 AL 24 DE OCTUBRE DE 1989
C21307253,LINDA ANNE,MANAU,MITJAVILA,Licenciatura en Contaduría,6 DE JUNIO DE 1980 AL 3 DE DICIEMBRE DE 1980
16300567,JORGE GUSTAVO,PUJANTELL,VIDICAN,Ingeniería en Sistemas Computacionales,17 DE FEBRERO DE 2001 AL 16 DE AGOSTO DE 2001
18300639,CORINA NICOLETA,RUIZ OLALLA,MONREAL,Licenciatura en Administración,21 DE ENERO DE 2011 AL 20 DE JULIO DE 2011
C10307398,OLIVER ALEXANDER,LAJARIN,FONSECA,Ingeniería Industrial,5 DE MAYO DE 2013 AL 1 DE NOVIEMBRE DE 2013
C87301031,MICHELLE CAROLINA,CEDRAN,ROBERTS,Ingeniería en Electrónica,30 DE NOVIEMBRE DE 1981 AL 29 DE MAYO DE 1982
C04300993,GEMA ROSARIO,ERILL,GANUZA,Licenciatura en Contaduría,11 DE FEBRERO DE 1979 AL 10 DE AGOSTO DE 1979
02308194,PAULO LUIS,DELMAS,TELECHEA,Licenciatura en Administración,29 DE NOVIEMBRE DE 1993 AL 28 DE MAYO DE 1994
C93309620,SANTIAGO FRANCISCO,ELORDI,MIHUT,Ingeniería en Sistemas Computacionales,22 DE NOVIEMBRE DE 1989 AL 21 DE MAYO DE 1990
23308289,JOSE MIKEL,ZAROUALI,FIKRI,Ingeniería en Sistemas Computacionales,9 DE JUNIO DE 1996 AL 6 DE DICIEMBRE DE 1996
13307976,F JAVIER,MILTON,CORTASA,Licenciatura en Contaduría,17 DE OCTUBRE DE 1977 AL 15 DE ABRIL DE 1978
C17305015,IGNAS,VALDEMOROS,GRAJEDA,Licenciatura en Administración,8 DE MAYO DE 1987 AL 4 DE NOVIEMBRE DE 1987
C98308521,TIMOTHY DAVID,DE LA GUIA,CIUREA,Licenciatura en Contaduría,20 DE ENERO DE 1982 AL 19 DE JULIO DE 1982
C14304601,MARGARITA ROSARIO,DIEGO,BIURRUN,Ingeniería Industrial,1 DE ENERO DE 2016 AL 29 DE JUNIO DE 2016
C12309446,IGNAT,DIAKHABY,COMA,Ingeniería en Electrónica,22 DE ENERO DE 2003 AL 21 DE JULIO DE 2003
85304271,ISMAEL IGNACIO,PETTERSEN,BIZARRAGA,Ingeniería Industrial,11 DE OCTUBRE DE 2021 AL 9 DE ABRIL DE 2022
19305314,WENDY MARIA,CAMPINS,DURANTE,Ingeniería en Electrónica,4 DE MARZO DE 2004 AL 31 DE AGOSTO DE 2004
C84309943,SANTOS DAVID,EUSEBIO,FONS,Ingeniería en Sistemas Computacionales,8 DE ABRIL DE 2012 AL 5 DE OCTUBRE DE 2012
C11300777,ILDIKO,CONSUL,VAS,Licenciatura en Administración,20 DE NOVIEMBRE DE 1985 AL 19 DE MAYO DE 1986
C02307581,MARIA NANCI,ATECA,VILLAOSLADA,Ingeniería en Electrónica,14 DE JULIO DE 2010 AL 10 DE ENERO DE 2011
95305323,TASNEEM,ANDRES,ROLLANO,Ingeniería en Sistemas Computacionales,17 DE DICIEMBRE DE 2016 AL 15 DE JUNIO DE 2017
13305437,CARMEN GENOVEVA,BESADA,MAAROUF,Licenciatura en Administración,10 DE MARZO DE 2007 AL 6 DE SEPTIEMBRE DE 2007
87301999,FELICIDAD,FERRES,LOVERA,Ingeniería en Sistemas Computacionales,6 DE AGOSTO DE 2023 AL 2 DE FEBRERO DE 2024
13308223,ALBERTO JORGE,PERE,URIBE,Licenciatura en Administración,1 DE DICIEMBRE DE 2009 AL 30 DE MAYO DE 2010
81308355,ISMAEL JUAN,CLAVEROL,MELUS,Ingeniería en Electrónica,19 DE SEPTIEMBRE DE 1981 AL 18 DE MARZO DE 1982
C22300884,AWATIF,GUERRI,GATO,Ingeniería en Electrónica,17 DE OCTUBRE DE 1997 AL 15 DE ABRIL DE 1998
03309467,SEVGYUL,POYO,MUÑOZ DE MORALES,Ingeniería en Sistemas Computacionales,27 DE AGOSTO DE 2000 AL 23 DE FEBRERO DE 2001
C15302730,THERESE,JAADI,PLANELLS,Ingeniería Industrial,29 DE MAYO DE 1989 AL 25 DE NOVIEMBRE DE 1989
03309624,TANIA ISABEL,ITURRIAGA,GABOR,Ingeniería en Electrónica,12 DE ABRIL DE 2009 AL 9 DE OCTUBRE DE 2009
23307456,YACQUELINE,PAJON,TENG,Licenciatura en Administración,8 DE OCTUBRE DE 1997 AL 6 DE ABRIL DE 1998
C09309704,NATANIEL,REDONDO,ARAICO,Ingeniería en Sistemas Computacionales,5 DE DICIEMBRE DE 1995 AL 2 DE JUNIO DE 1996
C11308062,EVA BEGOÑA,PAHISSA,MINONDO,Ingeniería Industrial,7 DE AGOSTO DE 1981 AL 3 DE FEBRERO DE 1982
85304155,ANDRE MIGUEL,LADRERO,DE PRADOS,Ingeniería en Sistemas Computacionales,18 DE SEPTIEMBRE DE 1985 AL 17 DE MARZO DE 1986
C08309244,SONIA MARISOL,HU,MENSA,Ingeniería en Sistemas Computacionales,8 DE MAYO DE 1977 AL 4 DE NOVIEMBRE DE 1977
C78306314,SERGIO HUMBERTO,CHRISTIE,EIZAGUIRRE,Ingeniería en Sistemas Computacionales,12 DE MARZO DE 2008 AL 8 DE SEPTIEMBRE DE 2008
C98308006,CARLOS ADAN,CHANG,TORTOLERO,Ingeniería en Electrónica,4 DE DICIEMBRE DE 1988 AL 2 DE JUNIO DE 1989
00304393,IRAITZ,PANIAGUA,IDIRIN,Licenciatura en Contaduría,26 DE SEPTIEMBRE DE 1983 AL 24 DE MARZO DE 1984
93302361,EUDES,AMINE,PENAYO,Licenciatura en Contaduría,9 DE MARZO DE 2002 AL 5 DE SEPTIEMBRE DE 2002
25305067,HARLEY,DIB,HAKIM,Ingeniería en Electrónica,9 DE DICIEMBRE DE 2012 AL 7 DE JUNIO DE 2013
98306483,HELENA ISABEL,SENTAMANS,MAN,Ingeniería en Electrónica,13 DE ABRIL DE 2018 AL 10 DE OCTUBRE DE 2018
C11309833,MIQUELA,FLORESCU,IRAGORRI,Licenciatura en Contaduría,9 DE OCTUBRE DE 1992 AL 7 DE ABRIL DE 1993
C20309318,MIHAI ANDREI,ANTONIO,ARTHUR,Ingeniería Industrial,29 DE ABRIL DE 2007 AL 26 DE OCTUBRE DE 2007
C10303815,LUIS AMADEO,CARTAS,CASERO,Licenciatura en Contaduría,30 DE ABRIL DE 1987 AL 27 DE OCTUBRE DE 1987
C97300193,ARNALDO ANDRES,PORROCHE,OLSINA,Ingeniería en Sistemas Computacionales,13 DE JULIO DE 2005 AL 9 DE ENERO DE 2006
01302418,CARLES ENRIC,NAJARRO,IGUIÑO,Ingeniería en Sistemas Computacionales,12 DE MAYO DE 2020 AL 8 DE NOVIEMBRE DE 2020
12307236,JUAN ISIDORO,CURRAN,FATHALLAH,Ingeniería en Sistemas Computacionales,12 DE NOVIEMBRE DE 2011 AL 10 DE MAYO DE 2012
98307096,MANUEL EMILIANO,ROJANO,BECEDAS,Ingeniería Industrial,9 DE NOVIEMBRE DE 1980 AL 8 DE MAYO DE 1981
C92304697,NADIA BELEN,HAOUARI,ARENILLAS,Licenciatura en Administración,10 DE SEPTIEMBRE DE 2019 AL 8 DE MARZO DE 2020
C99309953,GEMA ROSARIO,QUINDIMIL,PRO,Ingeniería en Electrónica,5 DE JUNIO DE 1997 AL 2 DE DICIEMBRE DE 1997
82308820,MARIA JOANA,LAUDA,SOLADANA,Licenciatura en Contaduría,29 DE MARZO DE 1980 AL 25 DE SEPTIEMBRE DE 1980
C77302820,RAYHAN,MAIZTEGUI,MENDICUTE,Ingeniería en Sistemas Computacionales,27 DE MARZO DE 2007 AL 23 DE SEPTIEMBRE DE 2007
C03306901,JOSE CASIMIRO,GONZABAY,PALLO,Licenciatura en Contaduría,25 DE DICIEMBRE DE 2016 AL 23 DE JUNIO DE 2017
C98305261,MARTA DANIELA,SIVILA,LAHOSA,Licenciatura en Contaduría,5 DE ABRIL DE 2014 AL 2 DE OCTUBRE DE 2014
C88304514,JUAN AMANCIO,GROSS,GONZAGA,Licenciatura en Contaduría,27 DE MAYO DE 1986 AL 23 DE NOVIEMBRE DE 1986
88306725,RITA SOFIA,ZAMORANO,CANALE,Ingeniería Industrial,29 DE OCTUBRE DE 1986 AL 27 DE ABRIL DE 1987
C80306748,REY,ITURZAETA,LAURE,Ingeniería Industrial,10 DE MARZO DE 1994 AL 6 DE SEPTIEMBRE DE 1994
C01301283,VALENTIN GABRIEL,COMALLONGA,CANCELO,Ingeniería en Electrónica,29 DE ENERO DE 1992 AL 27 DE JULIO DE 1992
C03303950,AIQIN,TAMBORERO,DE ROSA,Ingeniería en Electrónica,9 DE NOVIEMBRE DE 2003 AL 7 DE MAYO DE 2004
C80308507,AMANDA MARIA,GARBAYO,LABAD,Ingeniería en Electrónica,16 DE DICIEMBRE DE 1991 AL 13 DE JUNIO DE 1992
93302406,RENE MANUEL,ROSENOVA,YAN,Licenciatura en Contaduría,19 DE DICIEMBRE DE 2021 AL 17 DE JUNIO DE 2022
C13306728,ELADIO JESUS,BELTRAN,BASTARRICA,Licenciatura en Contaduría,11 DE FEBRERO DE 1978 AL 10 DE AGOSTO DE 1978
C98301582,LILIAN PATRICIA,COBLES,GABAN,Licenciatura en Administración,12 DE ENERO DE 1990 AL 11 DE JULIO DE 1990
C98306409,ALEXANDER JAVIER,TSVETKOVA,BRONCHALO,Ingeniería en Electrónica,10 DE MAYO DE 1977 AL 6 DE NOVIEMBRE DE 1977
01307095,ZINAB,PRESENCIA,NACIMIENTO,Ingeniería Industrial,5 DE SEPTIEMBRE DE 2000 AL 4 DE MARZO DE 2001
C11304937,MARIA ESTIVALIZ,DILME,POGO,Licenciatura en Contaduría,22 DE FEBRERO DE 2000 AL 20 DE AGOSTO DE 2000
24303881,CECILIA CARMEN,HERRERIA,ELORRIAGA,Licenciatura en Contaduría,11 DE JUNIO DE 2000 AL 8 DE DICIEMBRE DE 2000
C10309903,AMADA JESUS,PLO,RELINQUE,Ingeniería en Sistemas Computacionales,5 DE DICIEMBRE DE 2010 AL 3 DE JUNIO DE 2011
16307989,EMELINA,BESTARD,ARAGUAS,Ingeniería Industrial,27 DE AGOSTO DE 1979 AL 23 DE FEBRERO DE 1980
C81307115,MIGUEL ADRIAN,ROF,MIHU,Ingeniería en Electrónica,23 DE OCTUBRE DE 2009 AL 21 DE ABRIL DE 2010
93307809,MARIA NINFA,LANZON,CAZACU,Ingeniería en Sistemas Computacionales,6 DE AGOSTO DE 1996 AL 2 DE FEBRERO DE 1997
C00306064,CLEMENTE ANTONIO,VENANCIO,RENAU,Licenciatura en Administración,21 DE OCTUBRE DE 2023 AL 18 DE ABRIL DE 2024
C18305164,MARCOS ALEJANDRO,ALJAMA,GARRALDA,Licenciatura en Contaduría,20 DE MAYO DE 1976 AL 16 DE NOVIEMBRE DE 1976
C10305455,LISET,FORCELLEDO,GOMEZ RICO,Ingeniería en Sistemas Computacionales,19 DE MARZO DE 2010 AL 15 DE SEPTIEMBRE DE 2010
C11302113,VAIDAS,GINART,REVENTOS,Licenciatura en Administración,21 DE JUNIO DE 1987 AL 18 DE DICIEMBRE DE 1987
C75303999,IVETA,TACURI,VELIKOV,Ingeniería Industrial,29 DE DICIEMBRE DE 1996 AL 27 DE JUNIO DE 1997
09307767,IOAN MARIN,PINZON,GALI,Licenciatura en Contaduría,5 DE MARZO DE 1984 AL 1 DE SEPTIEMBRE DE 1984
93305570,SENEIDA,BARRANTE,REBANAL,Ingeniería en Sistemas Computacionales,5 DE DICIEMBRE DE 2000 AL 3 DE JUNIO DE 2001
C06300877,FELIX,MONGE,AMILIBIA,Licenciatura en Administración,3 DE ABRIL DE 2012 AL 30 DE SEPTIEMBRE DE 2012
79301473,RABI,ZAMBRANA,TERES,Licenciatura en Administración,20 DE DICIEMBRE DE 2001 AL 18 DE JUNIO DE 2002
75300800,ANNA MARY,GUTU,VISA,Ingeniería Industrial,28 DE MAYO DE 2012 AL 24 DE NOVIEMBRE DE 2012
12303593,SANTO,LOBETE,UTERGA,Ingeniería en Sistemas Computacionales,23 DE JUNIO DE 1993 AL 20 DE DICIEMBRE DE 1993
C09305584,MARIA DUNIA,CORDOMI,ALIO,Licenciatura en Administración,12 DE MARZO DE 1985 AL 8 DE SEPTIEMBRE DE 1985
95301496,OANA MADALINA,SATORRA,CANGA,Ingeniería Industrial,29 DE ENERO DE 2010 AL 28 DE JULIO DE 2010
C89302656,SAMANTHA MARIA,LANTERO,DARDER,Licenciatura en Administración,14 DE MARZO DE 1974 AL 10 DE SEPTIEMBRE DE 1974
96305080,ADRIAM,PEREZ DE HEREDIA,ALMOGUERA,Licenciatura en Administración,17 DE NOVIEMBRE DE 1990 AL 16 DE MAYO DE 1991
C15303467,RAFIKA,DE LOZAR,TARACIDO,Ingeniería Industrial,23 DE MARZO DE 2023 AL 19 DE SEPTIEMBRE DE 2023
94309102,ANDREA MILENA,LHARRAK,TRASTOY,Ingeniería en Sistemas Computacionales,23 DE NOVIEMBRE DE 2023 AL 21 DE MAYO DE 2024
C87300035,PATRICIA ALEXANDRA,NICHOLS,BOUAICHA,Licenciatura en Contaduría,4 DE OCTUBRE DE 1982 AL 2 DE ABRIL DE 1983
C10301737,DALMAU,DEL RIO,ISANTA,Licenciatura en Administración,23 DE FEBRERO DE 1992 AL 21 DE AGOSTO DE 1992
98306057,GABRIEL GERMAN,SOUZA,FIUZA,Ingeniería Industrial,3 DE FEBRERO DE 2008 AL 1 DE AGOSTO DE 2008
C96300484,JOVITA MARIA,ESPINACH,ASEGUINOLAZA,Ingeniería en Sistemas Computacionales,3 DE FEBRERO DE 2008 AL 1 DE AGOSTO DE 2008
C23301387,LEYDA,MARTIROSYAN,EL KHADIR,Licenciatura en Contaduría,2 DE MAYO DE 1976 AL 29 DE OCTUBRE DE 1976
02301007,MELISSA MARIA,TORE,JUNGUITU,Licenciatura en Administración,10 DE DICIEMBRE DE 2015 AL 7 DE JUNIO DE 2016
C99309534,LAURA LEONOR,LARRALDE,COCIÑA,Ingeniería en Electrónica,22 DE SEPTIEMBRE DE 2003 AL 20 DE MARZO DE 2004
C80304165,MOHAMMADI,UZ,DUOCASTELLA,Licenciatura en Contaduría,8 DE ABRIL DE 2002 AL 5 DE OCTUBRE DE 2002
24306479,FERNANDO,VALIN,JAYA,Ingeniería en Electrónica,6 DE DICIEMBRE DE 2015 AL 3 DE JUNIO DE 2016
C18309613,NOURIA,VILANA,GRIÑAN,Ingeniería en Electrónica,17 DE OCTUBRE DE 2023 AL 14 DE ABRIL DE 2024
C99302844,ANTHONY STEVEN,BERRIATUA,COLOMER,Licenciatura en Administración,12 DE MARZO DE 1982 AL 8 DE SEPTIEMBRE DE 1982
24301456,TANIA ESTHER,BRINKMANN,ARBO,Licenciatura en Contaduría,16 DE MAYO DE 1993 AL 12 DE NOVIEMBRE DE 1993
04308565,SCARLETT,CEBAS,MANJAVACAS,Ingeniería en Sistemas Computacionales,3 DE NOVIEMBRE DE 1979 AL 1 DE MAYO DE 1980
94300797,CARLOS ADAN,MARINERO,BARGADOS,Ingeniería en Electrónica,26 DE AGOSTO DE 1998 AL 22 DE FEBRERO DE 1999
C96302073,ALFREDO ROBERTO,ESCORIHUELA,ARCINIEGAS,Licenciatura en Contaduría,11 DE FEBRERO DE 1990 AL 10 DE AGOSTO DE 1990
C95304164,GLORIA FATIMA,FAFIAN,AKKA,Ingeniería en Electrónica,19 DE ENERO DE 1975 AL 18 DE JULIO DE 1975
C23300286,MARIA ARACELLY,AZZI,ACHOURI,Ingeniería en Electrónica,22 DE DICIEMBRE DE 1983 AL 19 DE JUNIO DE 1984
16306931,NEO,TURCANU,CIRIANO,Ingeniería Industrial,25 DE ENERO DE 1995 AL 24 DE JULIO DE 1995
C94300365,SOLANGE ANDREA,MOLIST,CASSINELLO,Ingeniería en Sistemas Computacionales,27 DE ABRIL DE 2023 AL 24 DE OCTUBRE DE 2023
82302186,OVIDIU IONUT,LEBON,VALDELVIRA,Ingeniería Industrial,28 DE NOVIEMBRE DE 2014 AL 27 DE MAYO DE 2015
79300847,ELEODORA,POUSADA,LA ROSA,Ingeniería Industrial,15 DE MARZO DE 2024 AL 11 DE SEPTIEMBRE DE 2024
84305462,JORGE LEANDRO,COJOCARIU,LIZARRIBAR,Ingeniería en Sistemas Computacionales,20 DE OCTUBRE DE 1992 AL 18 DE ABRIL DE 1993
C99309484,LUZ CARMEN,FLO,SAN SEGUNDO,Licenciatura en Administración,24 DE JULIO DE 1975 AL 20 DE ENERO DE 1976
75309168,CAROLINA SOFIA,CURIA,MURADYAN,Ingeniería en Sistemas Computacionales,2 DE FEBRERO DE 1987 AL 1 DE AGOSTO DE 1987
94307719,KOLDOBIKA,ROSALEN,CRISTINO,Ingeniería en Electrónica,20 DE FEBRERO DE 1978 AL 19 DE AGOSTO DE 1978
C92300902,MAKIKO,GHERGHE,BORNAY,Ingeniería en Electrónica,23 DE DICIEMBRE DE 1983 AL 20 DE JUNIO DE 1984
19307849,SEBASTIAN FELIPE,BASALO,TOBAJAS,Ingeniería en Sistemas Computacionales,11 DE FEBRERO DE 1998 AL 10 DE AGOSTO DE 1998
C94305389,CLAUDIA LIZETH,VITURRO,AMIRI,Licenciatura en Contaduría,4 DE SEPTIEMBRE DE 2011 AL 2 DE MARZO DE 2012
C96300676,EVA INES,DE LA PRIETA,SOBREVILLA,Ingeniería en Electrónica,21 DE OCTUBRE DE 2000 AL 19 DE ABRIL DE 2001
99303566,JOANNA MALGORZATA,CAMPAL,MILAGRO,Ingeniería en Electrónica,16 DE MAYO DE 1978 AL 12 DE NOVIEMBRE DE 1978
23304608,ALEXIS ANTONIO,FRIGOLS,ZAFON,Ingeniería Industrial,7 DE MAYO DE 1996 AL 3 DE NOVIEMBRE DE 1996
C05302580,MONICA CRUZ,DEDU,AGUINACO,Ingeniería en Electrónica,27 DE FEBRERO DE 1982 AL 26 DE AGOSTO DE 1982
09308581,IRAKLI,VIZCAY,RUIZ ALEJOS,Ingeniería en Sistemas Computacionales,4 DE ABRIL DE 2020 AL 1 DE OCTUBRE DE 2020
75302080,PALOMA MERCEDES,CAMILO,PIPO,Licenciatura en Administración,18 DE NOVIEMBRE DE 1982 AL 17 DE MAYO DE 1983
C90307399,BASILICA,ENCALADA,LEA,Licenciatura en Administración,28 DE ABRIL DE 2008 AL 25 DE OCTUBRE DE 2008
C09302893,ENYA,ALMONACID,MURUAGA,Licenciatura en Contaduría,13 DE ENERO DE 2006 AL 12 DE JULIO DE 2006
21304749,ABDELAAZIZ,GOMEZ PASTRANA,CAJO,Licenciatura en Contaduría,3 DE MAYO DE 1989 AL 30 DE OCTUBRE DE 1989
C94302851,CARLOS ULISES,CALDERERO,MOUHOU,Licenciatura en Contaduría,11 DE OCTUBRE DE 1979 AL 8 DE ABRIL DE 1980
C16307254,ANDREEA VIOLETA,HINOJO,MERCHANTE,Ingeniería en Sistemas Computacionales,18 DE MARZO DE 2025 AL 14 DE SEPTIEMBRE DE 2025
C91306576,JADE MARIE,GUARACHI,YAÑEZ,Ingeniería en Electrónica,30 DE ABRIL DE 1976 AL 27 DE OCTUBRE DE 1976
C16301019,YIWEI,PANACH,MOZO,Licenciatura en Administración,7 DE ENERO DE 1982 AL 6 DE JULIO DE 1982
C06309487,LUCIA ASUNCION,PANADERO,IDIAZABAL,Ingeniería en Electrónica,5 DE JUNIO DE 2019 AL 2 DE DICIEMBRE DE 2019
83301686,MIKEL ALEXANDER,HUTCHINSON,PITALUA,Licenciatura en Contaduría,22 DE MARZO DE 1975 AL 18 DE SEPTIEMBRE DE 1975
11304353,UBALDO JOSE,FLECHA,HIPOLITO,Ingeniería en Sistemas Computacionales,9 DE JUNIO DE 1995 AL 6 DE DICIEMBRE DE 1995
C12301780,KIM,CANO,ARMILLAS,Licenciatura en Contaduría,18 DE JULIO DE 2012 AL 14 DE ENERO DE 2013
C88300133,DANIEL WILLIAM,FONTES,INAREJOS,Licenciatura en Contaduría,3 DE JULIO DE 2010 AL 30 DE DICIEMBRE DE 2010
06309509,NURIA PILAR,LARZABAL,PALAFOX,Ingeniería Industrial,22 DE MARZO DE 1995 AL 18 DE SEPTIEMBRE DE 1995
88301912,MARIA AZUCENA,TOBIO,URUEÑA,Ingeniería en Electrónica,20 DE JULIO DE 2000 AL 16 DE ENERO DE 2001
C05305330,ENGRACIO,CASAN,DE LA CAMPA,Licenciatura en Contaduría,27 DE OCTUBRE DE 1997 AL 25 DE ABRIL DE 1998
06308158,KELLY MARIA,CADILLA,CATOTA,Licenciatura en Contaduría,10 DE MAYO DE 1986 AL 6 DE NOVIEMBRE DE 1986
C18307013,RAMONA LUISA,ALONSO DE ARMIÑO,AGUAVIVA,Licenciatura en Administración,12 DE AGOSTO DE 1982 AL 8 DE FEBRERO DE 1983
C94304423,ZAHIRA,GUILLAMET,BASHIR,Ingeniería en Sistemas Computacionales,18 DE ABRIL DE 1985 AL 15 DE OCTUBRE DE 1985
14304728,HUGO CARLOS,HINOJO,SALETA,Ingeniería Industrial,4 DE DICIEMBRE DE 1978 AL 2 DE JUNIO DE 1979
22308765,LILA,MUSCALU,PRESENCIA,Licenciatura en Contaduría,29 DE AGOSTO DE 1991 AL 25 DE FEBRERO DE 1992
C88302841,EZEQUIELA,LISA,SALEK,Licenciatura en Contaduría,18 DE ABRIL DE 2023 AL 15 DE OCTUBRE DE 2023
90303010,DIMITRICHKA,YOUNES,FADEL,Ingeniería en Sistemas Computacionales,15 DE JUNIO DE 1994 AL 12 DE DICIEMBRE DE 1994
C25300019,IXCHEL,SANCHEZ PASTOR,SALGADO,Licenciatura en Administración,14 DE NOVIEMBRE DE 2005 AL 13 DE MAYO DE 2006
C93302201,ROSA LOURDES,COMPANYS,GARFELLA,Ingeniería en Sistemas Computacionales,29 DE MAYO DE 1980 AL 25 DE NOVIEMBRE DE 1980
80302413,NAROA,PERLES,CONCEPCION,Ingeniería en Electrónica,10 DE FEBRERO DE 2023 AL 9 DE AGOSTO DE 2023
C01300220,JOSE ANTOLIN,LAHMAR,ACEVES,Licenciatura en Contaduría,26 DE ENERO DE 2007 AL 25 DE JULIO DE 2007
21305573,SARA FRANCISCA,BOUHOUT,ERRAZQUIN,Licenciatura en Administración,15 DE DICIEMBRE DE 1998 AL 13 DE JUNIO DE 1999
04308741,FATIMA ZOUHRA,LEGANES,PRUAÑO,Licenciatura en Administración,13 DE MARZO DE 2022 AL 9 DE SEPTIEMBRE DE 2022
84304325,JORGE ANSELMO,DEL CORRAL,MARANGES,Licenciatura en Contaduría,6 DE AGOSTO DE 1988 AL 2 DE FEBRERO DE 1989
C88309490,ANGELA VANESA,ROCIO,BENYAHYA,Ingeniería en Electrónica,3 DE FEBRERO DE 1981 AL 2 DE AGOSTO DE 1981
99309860,ESCELITA,AGUELO,ESTAÑ,Ingeniería en Sistemas Computacionales,2 DE SEPTIEMBRE DE 1996 AL 1 DE MARZO DE 1997
C80300993,FENGYING,TURRILLAS,RODEIRO,Ingeniería Industrial,11 DE MARZO DE 2002 AL 7 DE SEPTIEMBRE DE 2002
C92308158,JOAN NICOLAS,JUANENA,DIMITROVA,Ingeniería en Electrónica,5 DE JUNIO DE 2017 AL 2 DE DICIEMBRE DE 2017
05309344,IÑIGO JUAN,ROZALEN,AYRA,Ingeniería en Electrónica,14 DE AGOSTO DE 1976 AL 10 DE FEBRERO DE 1977
22306911,SIMONA LOREDANA,DIAZ MALAGUILLA,ALANES,Licenciatura en Contaduría,12 DE FEBRERO DE 1984 AL 10 DE AGOSTO DE 1984
81306392,SUMAN,SEDILES,MENDIBE,Licenciatura en Contaduría,15 DE FEBRERO DE 1989 AL 14 DE AGOSTO DE 1989
10304497,ARAN,HORMIGA,TUDON,Ingeniería Industrial,21 DE ABRIL DE 2009 AL 18 DE OCTUBRE DE 2009
90301117,OCTAVIA,MARCUS,PASAMAR,Ingeniería Industrial,13 DE DICIEMBRE DE 1975 AL 10 DE JUNIO DE 1976
95308034,SORAYA ELIZABETH,PIZANO,ABELLANEDA,Licenciatura en Administración,25 DE ABRIL DE 2000 AL 22 DE OCTUBRE DE 2000
97304341,ABEL,FAGUNDEZ,CLARAMUNT,Ingeniería en Sistemas Computacionales,23 DE DICIEMBRE DE 1976 AL 21 DE JUNIO DE 1977
C95302358,LAURENCE,MONESMA,CENIZO,Licenciatura en Contaduría,27 DE SEPTIEMBRE DE 2021 AL 26 DE MARZO DE 2022
23309162,ASHIQ,COTELO,SHAHZADI,Licenciatura en Contaduría,18 DE ABRIL DE 1999 AL 15 DE OCTUBRE DE 1999
98303994,AYA,ESTOPIÑAN,KERR,Ingeniería en Electrónica,8 DE ENERO DE 2022 AL 7 DE JULIO DE 2022
C06302170,LUCIA PAULA,SANTAREN,CULEBRA,Ingeniería en Sistemas Computacionales,19 DE SEPTIEMBRE DE 2000 AL 18 DE MARZO DE 2001
02303341,NORMA LIDIA,GIRALDES,CALLARISA,Licenciatura en Contaduría,23 DE SEPTIEMBRE DE 2022 AL 22 DE MARZO DE 2023
90303077,ABDELOUADOUD,DIGES,LOMO,Ingeniería en Electrónica,8 DE ABRIL DE 1999 AL 5 DE OCTUBRE DE 1999
04308328,RKIYA,VALLEJOS,DIAZ DE ALDA,Licenciatura en Administración,20 DE MARZO DE 2019 AL 16 DE SEPTIEMBRE DE 2019
81306502,MARLON FABRICIO,BURCEA,VERACRUZ,Ingeniería en Electrónica,6 DE JUNIO DE 2009 AL 3 DE DICIEMBRE DE 2009
04300228,MARIA JESUS DOLORES,MONDACA,HOUGHTON,Ingeniería en Electrónica,23 DE FEBRERO DE 1976 AL 21 DE AGOSTO DE 1976
19300163,MARAM,GABAN,FITZPATRICK,Ingeniería Industrial,13 DE MAYO DE 1974 AL 9 DE NOVIEMBRE DE 1974
84309307,GISELE,VILANOVA,PAHINO,Ingeniería Industrial,31 DE DICIEMBRE DE 2017 AL 29 DE JUNIO DE 2018
18309720,DANIEL PABLO,LLUSIA,NERIN,Ingeniería Industrial,26 DE OCTUBRE DE 2018 AL 24 DE ABRIL DE 2019
C95301832,ROBERT RICHARD,CLERIES,CHOI,Ingeniería en Electrónica,6 DE MARZO DE 2016 AL 2 DE SEPTIEMBRE DE 2016
C97307330,KENAI,BELKASMI,OGALLAR,Licenciatura en Administración,23 DE OCTUBRE DE 2002 AL 21 DE ABRIL DE 2003
C99303204,ANGELA VIVIANA,MADERO,LLANERAS,Licenciatura en Administración,20 DE FEBRERO DE 2000 AL 18 DE AGOSTO DE 2000
C82303154,HUGO OSCAR,CORA,BARTH,Ingeniería Industrial,30 DE OCTUBRE DE 2005 AL 28 DE ABRIL DE 2006
C88306660,ALEJANDRA ROCIO,SUSPERREGUI,MAKRANI,Ingeniería Industrial,13 DE ENERO DE 2018 AL 12 DE JULIO DE 2018
C75301916,DANIEL GERARD,ARGUMOSA,ALTES,Licenciatura en Administración,14 DE MARZO DE 1977 AL 10 DE SEPTIEMBRE DE 1977
C10306374,JOAO JOSE,FULLOLA,ENTRAMBASAGUAS,Licenciatura en Administración,17 DE MAYO DE 1993 AL 13 DE NOVIEMBRE DE 1993
C74306392,NOHARA,SIO,TUCKER,Licenciatura en Contaduría,29 DE NOVIEMBRE DE 1996 AL 28 DE MAYO DE 1997
04300169,AGRIPINA,RUGER,PISANI,Ingeniería en Electrónica,15 DE AGOSTO DE 1998 AL 11 DE FEBRERO DE 1999
C13308869,AIDA MERCEDES,REVELO,MARTIN PORTUGUES,Ingeniería en Electrónica,30 DE DICIEMBRE DE 2021 AL 28 DE JUNIO DE 2022
C04307286,ARLINDA,JAHN,POTAU,Ingeniería en Electrónica,4 DE NOVIEMBRE DE 2000 AL 3 DE MAYO DE 2001
96306664,MANUEL DAMIAN,SAINERO,BEBIA,Licenciatura en Administración,27 DE OCTUBRE DE 2014 AL 25 DE ABRIL DE 2015
C98303234,MIGUEL MARIANO,IPARRAGUIRRE,RODRIGUEZ GUZMAN,Licenciatura en Administración,13 DE FEBRERO DE 1991 AL 12 DE AGOSTO DE 1991
C78300967,NICOLAS PABLO,MAGRANE,BEGUIRISTAIN,Ingeniería en Sistemas Computacionales,20 DE DICIEMBRE DE 1991 AL 17 DE JUNIO DE 1992
86306286,NELSON ENRIQUE,LOPEZ DE PABLO,CEGRI,Licenciatura en Administración,15 DE OCTUBRE DE 1996 AL 13 DE ABRIL DE 1997
03306658,CAMELIA,SOLAZ,JABON,Ingeniería en Electrónica,5 DE DICIEMBRE DE 1974 AL 3 DE JUNIO DE 1975
C01300038,ASENET,CAYUELA,CAMPILLOS,Ingeniería en Sistemas Computacionales,5 DE AGOSTO DE 1975 AL 1 DE FEBRERO DE 1976
97308137,DANIEL FELIPE,GORDO,HUALDE,Licenciatura en Administración,5 DE SEPTIEMBRE DE 1977 AL 4 DE MARZO DE 1978
15303844,MICHAEL HENRY,NICUESA,CONGOST,Ingeniería en Electrónica,18 DE AGOSTO DE 1994 AL 14 DE FEBRERO DE 1995
86305630,SELOUA,EL KHATTABI,QUINTILLAN,Ingeniería Industrial,13 DE JULIO DE 2020 AL 9 DE ENERO DE 2021
97306362,EKATERINA,ORDUÑEZ,LACASA,Licenciatura en Administración,14 DE MAYO DE 2003 AL 10 DE NOVIEMBRE DE 2003
C19306139,SUSANA VERONICA,ANTOLIN,MARTINEZ DE LIZARDUY,Licenciatura en Administración,1 DE MAYO DE 1977 AL 28 DE OCTUBRE DE 1977
C07306148,DORUT,FORN,TENEDOR,Ingeniería en Sistemas Computacionales,16 DE JULIO DE 1990 AL 12 DE ENERO DE 1991
C77302684,JUAN DIEGO,TODD,JOAN,Licenciatura en Administración,15 DE MAYO DE 1997 AL 11 DE NOVIEMBRE DE 1997
C02309317,DENZEL,FOUAD,FOURNIER,Ingeniería Industrial,17 DE MAYO DE 2012 AL 13 DE NOVIEMBRE DE 2012
C76301480,DIANA FILIPA,ZAMUDIO,ENRIQUEZ,Licenciatura en Administración,27 DE AGOSTO DE 2016 AL 23 DE FEBRERO DE 2017
08309103,JESUS EULOGIO,RAFAI,BUERA,Ingeniería en Sistemas Computacionales,22 DE MARZO DE 1994 AL 18 DE SEPTIEMBRE DE 1994
91301914,JACINTO MIGUEL,RIVAS,FLORO,Licenciatura en Administración,5 DE ABRIL DE 1990 AL 2 DE OCTUBRE DE 1990
99306040,MIRIAN CAROLINA,TEMES,NICOLESCU,Licenciatura en Contaduría,21 DE MAYO DE 2019 AL 17 DE NOVIEMBRE DE 2019
86304287,RAMON OCTAVIO,MERLIN,LAZARENO,Licenciatura en Contaduría,8 DE NOVIEMBRE DE 1996 AL 7 DE MAYO DE 1997
C76309098,YECENIA,MORIÑA,HAMEED,Licenciatura en Contaduría,20 DE OCTUBRE DE 1986 AL 18 DE ABRIL DE 1987
C04302371,TARCISIO,ESTRANY,AMO,Ingeniería Industrial,14 DE ENERO DE 2003 AL 13 DE JULIO DE 2003
C18308196,BLANCA CELINA,ALPRESA,GABIAN,Licenciatura en Administración,17 DE NOVIEMBRE DE 1989 AL 16 DE MAYO DE 1990
C01302059,ZORA,FIALLEGAS,ABAJAS,Ingeniería Industrial,20 DE MAYO DE 1978 AL 16 DE NOVIEMBRE DE 1978
93303010,PEDRO ANGEL,BATAN,VILLASECA,Ingeniería Industrial,18 DE DICIEMBRE DE 1999 AL 15 DE JUNIO DE 2000
00302895,MIGUEL ANTONIO,HADDAD,CARTER,Licenciatura en Contaduría,11 DE ENERO DE 1990 AL 10 DE JULIO DE 1990
24304736,NATALIE JANE,MUZO,NIÑOLES,Ingeniería en Sistemas Computacionales,14 DE DICIEMBRE DE 1994 AL 12 DE JUNIO DE 1995
23304623,LAURA AURORA,VILLAZAN,OZAETA,Licenciatura en Contaduría,15 DE MAYO DE 2005 AL 11 DE NOVIEMBRE DE 2005
87302860,DORICA,GARRUDO,TORGUET,Licenciatura en Administración,10 DE FEBRERO DE 2007 AL 9 DE AGOSTO DE 2007
21307661,ALBERTO GREGORIO,COLOM,AMBITE,Ingeniería en Electrónica,16 DE ENERO DE 2000 AL 14 DE JULIO DE 2000
08308073,GUANMIN,HENDRIKS,TOJEIRO,Ingeniería en Sistemas Computacionales,18 DE MARZO DE 2013 AL 14 DE SEPTIEMBRE DE 2013
C79303295,NATANAEL,TENIENTE,NANTON,Licenciatura en Contaduría,14 DE DICIEMBRE DE 1999 AL 11 DE JUNIO DE 2000
C92308019,XIAOQING,PEITEADO,LINAJE,Ingeniería en Sistemas Computacionales,18 DE SEPTIEMBRE DE 2006 AL 17 DE MARZO DE 2007
C18309167,VASILICA DANIELA,DE ALBA,SUTHERLAND,Ingeniería Industrial,7 DE MAYO DE 2006 AL 3 DE NOVIEMBRE DE 2006
C84305557,VESELA,ANTIÑOLO,BENETO,Licenciatura en Administración,1 DE DICIEMBRE DE 2021 AL 30 DE MAYO DE 2022
87304225,ALAI,CARNER,CAJO,Ingeniería en Sistemas Computacionales,3 DE DICIEMBRE DE 2002 AL 1 DE JUNIO DE 2003
C00308858,VANESSA ELIZABETH,RIOLOBOS,AFANADOR,Ingeniería en Sistemas Computacionales,6 DE NOVIEMBRE DE 1987 AL 4 DE MAYO DE 1988
91308467,MARITZA ISABEL,MUNAR,PARDINA,Ingeniería en Electrónica,31 DE OCTUBRE DE 2024 AL 29 DE ABRIL DE 2025
22304408,VALDIRENE,BARUA,ROMERO AVILA,Licenciatura en Contaduría,6 DE FEBRERO DE 2014 AL 5 DE AGOSTO DE 2014
C20304970,RUBEN ABEL,BROSA,REYEROS,Licenciatura en Contaduría,28 DE DICIEMBRE DE 1998 AL 26 DE JUNIO DE 1999
C80302372,KATSIARYNA,CAYADO,PERPINYA,Ingeniería en Electrónica,15 DE NOVIEMBRE DE 2012 AL 14 DE MAYO DE 2013
C05304641,SASSI,DE DUEÑAS,MAJOS,Ingeniería en Electrónica,28 DE ENERO DE 1981 AL 27 DE JULIO DE 1981
23305824,FRANCISCA SARA,ESKISABEL,TESOURO,Licenciatura en Administración,20 DE AGOSTO DE 1984 AL 16 DE FEBRERO DE 1985
C13307590,LETICIA MERCEDES,SOLEY,CHIOREAN,Ingeniería en Electrónica,25 DE AGOSTO DE 2007 AL 21 DE FEBRERO DE 2008
86301951,MAGDALENA MONIKA,ESCAR,ZUDAIRE,Licenciatura en Administración,10 DE JUNIO DE 2023 AL 7 DE DICIEMBRE DE 2023
24303194,MAYERLI,DELFIN,STAFFORD,Licenciatura en Administración,4 DE NOVIEMBRE DE 2020 AL 3 DE MAYO DE 2021
75306868,SINAI,VAZ ROMERO,DE ELIAS,Ingeniería Industrial,18 DE SEPTIEMBRE DE 2023 AL 16 DE MARZO DE 2024
96301276,ELIECER,APARCERO,ESCUIN,Licenciatura en Contaduría,13 DE ABRIL DE 2014 AL 10 DE OCTUBRE DE 2014
C00304295,RAUL OSVALDO,ALMONACIL,LIAÑO,Licenciatura en Administración,20 DE DICIEMBRE DE 2024 AL 18 DE JUNIO DE 2025
20308891,SANDRA LUZ,GAZTAÑAGA,RUBIROLA,Ingeniería en Sistemas Computacionales,21 DE FEBRERO DE 2008 AL 19 DE AGOSTO DE 2008
02308792,PHILIPPE PIERRE,ONDOÑO,BUTUC,Ingeniería Industrial,30 DE NOVIEMBRE DE 2006 AL 29 DE MAYO DE 2007
83303147,ABBA,SERNA,TAVERAS,Ingeniería Industrial,19 DE JULIO DE 2024 AL 15 DE ENERO DE 2025
99301315,GWENDOLINE,NGUEMA,TRAPIELLO,Ingeniería Industrial,9 DE FEBRERO DE 1987 AL 8 DE AGOSTO DE 1987
C92309311,RANSES,PRESENCIA,SOLERO,Ingeniería Industrial,27 DE NOVIEMBRE DE 1977 AL 26 DE MAYO DE 1978
99309095,TAMSIR,MEHMED,BEGUERIA,Ingeniería en Sistemas Computacionales,8 DE JULIO DE 1988 AL 4 DE ENERO DE 1989
87302914,JASHIM,VIEIRA,JUANOLA,Ingeniería en Sistemas Computacionales,19 DE DICIEMBRE DE 1997 AL 17 DE JUNIO DE 1998
C79300373,YAIZA CARMEN,SALICHS,CADAR,Ingeniería Industrial,28 DE JUNIO DE 1987 AL 25 DE DICIEMBRE DE 1987
16302101,HAIQIN,NORTH,MESSEGUER,Licenciatura en Administración,1 DE NOVIEMBRE DE 2020 AL 30 DE ABRIL DE 2021
C79305788,HUGO OSWALDO,CENITAGOYA,URREGO,Licenciatura en Administración,10 DE JULIO DE 1995 AL 6 DE ENERO DE 1996
21308916,MINE,MOUSSAOUI,OLORIZ,Licenciatura en Contaduría,20 DE ENERO DE 1986 AL 19 DE JULIO DE 1986
C00303952,YAIZA PILAR,SANDONIS,SASO,Ingeniería Industrial,26 DE MAYO DE 2023 AL 22 DE NOVIEMBRE DE 2023
82302293,ISIDRO RAMON,LARIO,FARRERAS,Ingeniería Industrial,21 DE AGOSTO DE 1979 AL 17 DE FEBRERO DE 1980
02305447,HUIHUI,VERASTEGUI,CEBELLAN,Licenciatura en Administración,10 DE JUNIO DE 1994 AL 7 DE DICIEMBRE DE 1994
75303233,CRISTINA AMELIA,EL HANI,BARRAN,Licenciatura en Administración,4 DE JUNIO DE 1995 AL 1 DE DICIEMBRE DE 1995
17302064,YADIRA,BARGAS,LAZO,Ingeniería en Electrónica,1 DE AGOSTO DE 1981 AL 28 DE ENERO DE 1982
12301221,RANJEET,PERILLE,HARCHI,Licenciatura en Administración,30 DE OCTUBRE DE 2020 AL 28 DE ABRIL DE 2021
19304173,SILVIA MARIBEL,PENEV,XAUBET,Ingeniería en Electrónica,9 DE ENERO DE 1975 AL 8 DE JULIO DE 1975
03301849,ROSARIO GEMA,GUMBAO,LERIA,Licenciatura en Administración,12 DE SEPTIEMBRE DE 2022 AL 11 DE MARZO DE 2023
C76308722,LAUREANO FRANCISCO,GARCIA VERDUGO,LAS HERAS,Ingeniería en Electrónica,20 DE NOVIEMBRE DE 1982 AL 19 DE MAYO DE 1983
C97303351,MARIE ROSE,TELLAECHE,DE LA HORRA,Ingeniería en Electrónica,21 DE NOVIEMBRE DE 2014 AL 20 DE MAYO DE 2015
88300146,NORMA CECILIA,AURICH,CEJUELA,Ingeniería en Sistemas Computacionales,23 DE FEBRERO DE 1984 AL 21 DE AGOSTO DE 1984
C13308926,NASSIMA,YANG,MEIJOME,Ingeniería en Sistemas Computacionales,9 DE ENERO DE 1990 AL 8 DE JULIO DE 1990
24307036,SAHEL,LOSILLA,CEMBORAIN,Ingeniería en Electrónica,3 DE FEBRERO DE 2001 AL 2 DE AGOSTO DE 2001
C90309014,RAYCO ANTONIO,ARAGO,GULLON,Ingeniería en Sistemas Computacionales,2 DE FEBRERO DE 2014 AL 1 DE AGOSTO DE 2014
C17309068,LUA,MAHDAD,MORENTE,Ingeniería Industrial,19 DE JULIO DE 2000 AL 15 DE ENERO DE 2001
C78304681,CRISTO ALEJANDRO,BARRIOLUENGO,PAULI,Licenciatura en Contaduría,23 DE JUNIO DE 2020 AL 20 DE DICIEMBRE DE 2020
79304275,ILIANE,MARRUEDO,FREIXENET,Ingeniería en Electrónica,6 DE DICIEMBRE DE 1990 AL 4 DE JUNIO DE 1991
C86304413,ANNE CHARLOTTE,FAGES,FENTE,Ingeniería en Sistemas Computacionales,27 DE JULIO DE 2011 AL 23 DE ENERO DE 2012
C98305742,PEDRO IGNACIO,ATALAYA,PEDRET,Ingeniería Industrial,16 DE FEBRERO DE 2012 AL 14 DE AGOSTO DE 2012
C94300788,HECTOR ALFREDO,BARTOLOME,RUCANDIO,Licenciatura en Contaduría,23 DE DICIEMBRE DE 2004 AL 21 DE JUNIO DE 2005
03309832,LUIS FELIX,VALL LLOSERA,BASAGUREN,Licenciatura en Administración,14 DE ABRIL DE 2006 AL 11 DE OCTUBRE DE 2006
C96303328,DOROTA MARIA,BAILA,PEDROZA,Ingeniería Industrial,17 DE OCTUBRE DE 2003 AL 14 DE ABRIL DE 2004
95300856,ANIBAL ANTONIO,REXACH,KAUSAR,Licenciatura en Administración,2 DE OCTUBRE DE 1982 AL 31 DE MARZO DE 1983
75302990,OLEXIY,AMORIM,TOADER,Ingeniería en Electrónica,30 DE NOVIEMBRE DE 2003 AL 28 DE MAYO DE 2004
96307198,MATIAS ANGEL,SUSILLA,UMBRIA,Licenciatura en Contaduría,25 DE ABRIL DE 2015 AL 22 DE OCTUBRE DE 2015
75303189,JULIO DAVID,MARCA,KRAWCZYK,Ingeniería en Sistemas Computacionales,7 DE AGOSTO DE 1982 AL 3 DE FEBRERO DE 1983
C84309286,KEVIN PATRICK,PISANO,FENECH,Ingeniería Industrial,12 DE JUNIO DE 1974 AL 9 DE DICIEMBRE DE 1974
C93305439,ANDREEA REBECA,CALOPA,PROL,Ingeniería en Electrónica,12 DE ENERO DE 2022 AL 11 DE JULIO DE 2022
C09305164,CATARINA MARIA,ALEXANDRE,TESORERO,Licenciatura en Contaduría,29 DE ABRIL DE 1994 AL 26 DE OCTUBRE DE 1994
C75304882,ALEX ALBERTO,BARQUIER,RONCAL,Ingeniería en Sistemas Computacionales,9 DE AGOSTO DE 1987 AL 5 DE FEBRERO DE 1988
90301202,LEOPOLD,GAVILANES,PEREZ DE HEREDIA,Licenciatura en Contaduría,19 DE FEBRERO DE 2020 AL 17 DE AGOSTO DE 2020
C00302689,ANGEL VENTURA,PALLISER,REOLID,Ingeniería en Electrónica,12 DE AGOSTO DE 2003 AL 8 DE FEBRERO DE 2004
C77304713,FATIMA MERCEDES,PEÑALVER,URRIZA,Licenciatura en Administración,25 DE SEPTIEMBRE DE 2006 AL 24 DE MARZO DE 2007
97301616,BONAVENTURA,VALDEOLMILLOS,MARTIR,Ingeniería en Sistemas Computacionales,29 DE ABRIL DE 2015 AL 26 DE OCTUBRE DE 2015
C76302028,REGINA PILAR,SALAVERA,DAÑOBEITIA,Licenciatura en Contaduría,2 DE AGOSTO DE 1975 AL 29 DE ENERO DE 1976
94301032,SAMUEL PEDRO,YUSTE,LOAISA,Licenciatura en Contaduría,17 DE FEBRERO DE 2025 AL 16 DE AGOSTO DE 2025
85300479,JANAT,COVES,VALEN,Licenciatura en Contaduría,3 DE NOVIEMBRE DE 1993 AL 2 DE MAYO DE 1994
84304979,GIOVANNI JOSE,ARAVENA,ACHALANDABASO,Licenciatura en Administración,6 DE MAYO DE 1997 AL 2 DE NOVIEMBRE DE 1997
C08302768,BEATRIZ CLARA,AOURAGHE,BARROCAL,Ingeniería Industrial,11 DE MAYO DE 1980 AL 7 DE NOVIEMBRE DE 1980
C06303223,AIZANE,AMAKRAN,JUARISTI,Ingeniería en Sistemas Computacionales,2 DE AGOSTO DE 1998 AL 29 DE ENERO DE 1999
95300064,ABOUBAKR,CHAKIRI,IRURITA,Ingeniería en Electrónica,14 DE AGOSTO DE 2003 AL 10 DE FEBRERO DE 2004
77300034,BALVINA,FALQUET,BIGORRA,Licenciatura en Administración,21 DE MAYO DE 1977 AL 17 DE NOVIEMBRE DE 1977
C81303057,ISIDORO FRANCISCO,DUTAN,PEDROSO,Ingeniería en Electrónica,14 DE FEBRERO DE 1984 AL 12 DE AGOSTO DE 1984
C21309898,SANDRA MARLENE,MAÑEZ,MADROÑO,Licenciatura en Contaduría,1 DE AGOSTO DE 2006 AL 28 DE ENERO DE 2007
C85306536,EULOGI,AZCUETA,APOLINAR,Ingeniería en Sistemas Computacionales,10 DE OCTUBRE DE 1985 AL 8 DE ABRIL DE 1986
10301945,HECTOR SALVADOR,FALCETO,GIRONES,Licenciatura en Administración,1 DE NOVIEMBRE DE 2023 AL 29 DE ABRIL DE 2024
79307518,DAN GABRIEL,LUBIANO,SOZA,Ingeniería Industrial,28 DE AGOSTO DE 2021 AL 24 DE FEBRERO DE 2022
82309262,SERGIU,LASARTE,LAURIA,Licenciatura en Administración,24 DE FEBRERO DE 1996 AL 22 DE AGOSTO DE 1996
91301134,KARLA DANIELA,KOVAL,ELIPE,Ingeniería en Electrónica,19 DE AGOSTO DE 2013 AL 15 DE FEBRERO DE 2014
C18308051,SANDRA FABIANA,SANCHEZ CID,AREVALILLO,Licenciatura en Contaduría,23 DE JUNIO DE 1981 AL 20 DE DICIEMBRE DE 1981
C76302568,DAN ALEXANDRU,ONETTI,PETRE,Ingeniería en Electrónica,7 DE OCTUBRE DE 1990 AL 5 DE ABRIL DE 1991
C12303561,BRYAN ISRAEL,MENESES,LAGUNAS,Ingeniería en Electrónica,28 DE SEPTIEMBRE DE 1974 AL 27 DE MARZO DE 1975
77303375,ORLANDA,ALGOBIA,GRANADO,Ingeniería Industrial,14 DE FEBRERO DE 2019 AL 13 DE AGOSTO DE 2019
18302119,LIVAN,TARAFA,QUEIJEIRO,Ingeniería en Sistemas Computacionales,30 DE JUNIO DE 1979 AL 27 DE DICIEMBRE DE 1979
C77306278,AUREMBIAIX,EIRAS,SIERRA,Licenciatura en Administración,27 DE MARZO DE 2024 AL 23 DE SEPTIEMBRE DE 2024
C99306537,ADEI,POMBAL,ABALO,Ingeniería Industrial,10 DE OCTUBRE DE 1977 AL 8 DE ABRIL DE 1978
C05309973,KHADIYA,ARITON,CASTAN,Ingeniería Industrial,2 DE ABRIL DE 1975 AL 29 DE SEPTIEMBRE DE 1975
C78306066,SAUSAN,ALMUDI,ORDORICA,Ingeniería en Electrónica,14 DE ABRIL DE 2025 AL 11 DE OCTUBRE DE 2025
25304319,JOSE ALEXANDER,COSTAS,RUIZ DE GOPEGUI,Licenciatura en Contaduría,2 DE AGOSTO DE 1981 AL 29 DE ENERO DE 1982
C89307391,ELEUTERIO,PORLAN,BURGUI,Licenciatura en Contaduría,1 DE JULIO DE 1993 AL 28 DE DICIEMBRE DE 1993
80301946,BELINDA CARMEN,LAORDEN,CODESIDO,Ingeniería en Electrónica,17 DE NOVIEMBRE DE 2017 AL 16 DE MAYO DE 2018
C99303385,THERESA,PEDRERO,NEBRA,Ingeniería Industrial,18 DE SEPTIEMBRE DE 2010 AL 17 DE MARZO DE 2011
C12300268,MARCO MANUEL,RABANO,JAMALI,Licenciatura en Administración,25 DE NOVIEMBRE DE 1993 AL 24 DE MAYO DE 1994
C99300252,EDWIN ALONSO,DEL BLANCO,SANGLAS,Ingeniería Industrial,28 DE MARZO DE 1989 AL 24 DE SEPTIEMBRE DE 1989
C06302947,DIANA INES,PIJUAN,MONTARDIT,Licenciatura en Contaduría,29 DE ABRIL DE 2011 AL 26 DE OCTUBRE DE 2011
C99303148,JENNIFER ANN,LAVELA,MAROUF,Ingeniería en Sistemas Computacionales,22 DE FEBRERO DE 2004 AL 20 DE AGOSTO DE 2004
19307000,FRANKLIN JOSE,CAO,CANTARELL,Ingeniería Industrial,22 DE ENERO DE 2022 AL 21 DE JULIO DE 2022
12301408,JORGE CARMELO,VELAYOS,QUICHIMBO,Licenciatura en Contaduría,2 DE MAYO DE 2007 AL 29 DE OCTUBRE DE 2007
C98301835,DORALICE,BOY,JORCANO,Ingeniería Industrial,31 DE OCTUBRE DE 1977 AL 29 DE ABRIL DE 1978
C04301998,FREDDY RICARDO,SAGUAR,LAGHMICH,Licenciatura en Contaduría,13 DE FEBRERO DE 1982 AL 12 DE AGOSTO DE 1982
80308118,GILVAN,MARTIN MACHO,SAYAR,Licenciatura en Contaduría,2 DE NOVIEMBRE DE 2022 AL 1 DE MAYO DE 2023
92305985,ERIKA VIVIANA,ZOROA,OLARTE,Licenciatura en Contaduría,15 DE ABRIL DE 1981 AL 12 DE OCTUBRE DE 1981
C07301936,JULIA ESMERALDA,FANECA,EL HASSANI,Licenciatura en Administración,2 DE DICIEMBRE DE 2008 AL 31 DE MAYO DE 2009
91301341,ISACIO,DOÑORO,BORRAT,Ingeniería en Electrónica,11 DE JULIO DE 2012 AL 7 DE ENERO DE 2013
C08304408,LLUIS ALBERT,TIMOFTE,MOUZOURI,Licenciatura en Contaduría,4 DE MARZO DE 1975 AL 31 DE AGOSTO DE 1975
99305073,ANIKA,ALLEPUZ,CORDIDO,Ingeniería en Electrónica,29 DE JULIO DE 2021 AL 25 DE ENERO DE 2022
92301644,OLIMPIU,MASANA,VIGARA,Ingeniería Industrial,20 DE JULIO DE 2017 AL 16 DE ENERO DE 2018
13304940,VICTOR EDUARDO,VALL LLOVERA,AUCACAMA,Licenciatura en Administración,12 DE AGOSTO DE 2001 AL 8 DE FEBRERO DE 2002
08305973,ROSA ANGELES,REGUE,ELICHE,Ingeniería Industrial,28 DE ENERO DE 2023 AL 27 DE JULIO DE 2023
96304811,BRUNO JESUS,MARFA,MACIPE,Licenciatura en Administración,31 DE MAYO DE 1979 AL 27 DE NOVIEMBRE DE 1979
C86300169,EGLE,JENKINS,AGUIRREBENGOA,Ingeniería en Sistemas Computacionales,30 DE NOVIEMBRE DE 1978 AL 29 DE MAYO DE 1979
C12304357,LOURDES VICTORIA,UGEDA,ARCELUS,Ingeniería Industrial,15 DE ENERO DE 2011 AL 14 DE JULIO DE 2011
87306307,ANWAR,IVERN,VILLAFUERTES,Ingeniería en Electrónica,14 DE ENERO DE 2022 AL 13 DE JULIO DE 2022
87303731,SHERYL,ZARRIAS,MINGOLLA,Ingeniería en Electrónica,8 DE SEPTIEMBRE DE 1977 AL 7 DE MARZO DE 1978
C80304301,YOSSRA,ALCORISA,BRANDI,Licenciatura en Contaduría,14 DE MARZO DE 2003 AL 10 DE SEPTIEMBRE DE 2003
C19308141,XIU,URBIZU,JUZGADO,Licenciatura en Contaduría,18 DE JULIO DE 1996 AL 14 DE ENERO DE 1997
C83303983,DIEGO SEBASTIAN,BANET,NIELL,Ingeniería Industrial,20 DE NOVIEMBRE DE 2007 AL 18 DE MAYO DE 2008
C84304960,ANA NOEMI,TOME,NOBOA,Ingeniería en Electrónica,6 DE JULIO DE 2017 AL 2 DE ENERO DE 2018
92305088,MERCEDES MARTA,VANCEA,CANDAME,Licenciatura en Administración,1 DE NOVIEMBRE DE 1993 AL 30 DE ABRIL DE 1994
C79304072,BALDEV,MINDEGUIA,NAVAMUEL,Licenciatura en Administración,27 DE FEBRERO DE 2020 AL 25 DE AGOSTO DE 2020
C93302687,ANDREEA ALEXANDRA,AGUILOCHO,BEGIRISTAIN,Ingeniería Industrial,28 DE MAYO DE 1995 AL 24 DE NOVIEMBRE DE 1995
C82309282,LILIAN NOEMI,ALLER,BASTIDAS,Licenciatura en Contaduría,11 DE JUNIO DE 1984 AL 8 DE DICIEMBRE DE 1984
C12306624,RAZAK,AGRAS,TUGUI,Ingeniería en Sistemas Computacionales,28 DE SEPTIEMBRE DE 2013 AL 27 DE MARZO DE 2014
97305002,SABER,CASA,URBIZU,Ingeniería Industrial,23 DE JULIO DE 2006 AL 19 DE ENERO DE 2007
76301608,CRISTINA DANIELA,VELANDO,AICART,Ingeniería Industrial,12 DE MAYO DE 1999 AL 8 DE NOVIEMBRE DE 1999
C11301358,WILSON PATRICIO,BODEA,DE ORY,Licenciatura en Contaduría,21 DE ABRIL DE 2004 AL 18 DE OCTUBRE DE 2004
C80303056,BLANCA LEONOR,AGHBALOU,MARTIN MOYANO,Licenciatura en Contaduría,12 DE OCTUBRE DE 1987 AL 9 DE ABRIL DE 1988
C02300653,EVELYN MARIA,CHAFLA,PARTE,Ingeniería Industrial,4 DE FEBRERO DE 2006 AL 3 DE AGOSTO DE 2006
20303476,ANNA MARIE,ALCARRIA,LAMBAS,Ingeniería en Sistemas Computacionales,2 DE SEPTIEMBRE DE 2006 AL 1 DE MARZO DE 2007
C02309910,NICOLAE ALIN,ANGHELUTA,NEGREAN,Licenciatura en Administración,21 DE AGOSTO DE 1999 AL 17 DE FEBRERO DE 2000
92306171,RONALD CHARLES,CHAVARRIA,ALANZOR,Licenciatura en Contaduría,25 DE JUNIO DE 2008 AL 22 DE DICIEMBRE DE 2008
C93306828,DUHA,ETXABE,BUA,Licenciatura en Contaduría,30 DE DICIEMBRE DE 2018 AL 28 DE JUNIO DE 2019
C00305463,SAMUEL SANTIAGO,COUSELO,MORRONDO,Licenciatura en Administración,5 DE JUNIO DE 2020 AL 2 DE DICIEMBRE DE 2020
17302036,MARIA PILAR OLGA,FONTESTAD,GUIRADO,Licenciatura en Contaduría,26 DE SEPTIEMBRE DE 1978 AL 25 DE MARZO DE 1979
C88300277,HIGINI,TAGARRO,LIJO,Ingeniería en Electrónica,17 DE ABRIL DE 2010 AL 14 DE OCTUBRE DE 2010
C00305629,ESTEBAN JESUS,ZHENG,MUSAT,Licenciatura en Administración,25 DE NOVIEMBRE DE 1997 AL 24 DE MAYO DE 1998
16301241,AINHOA BELEN,NECULA,DE PAZ,Ingeniería en Sistemas Computacionales,23 DE NOVIEMBRE DE 1988 AL 22 DE MAYO DE 1989
09304494,VICENTE ANGEL,POUSO,GUTU,Ingeniería en Electrónica,12 DE ENERO DE 1997 AL 11 DE JULIO DE 1997
C98307186,NELIDA ESTHER,GRANGE,BARREAL,Ingeniería en Electrónica,22 DE SEPTIEMBRE DE 1976 AL 21 DE MARZO DE 1977
C19302410,YANINA ELIZABETH,ESTURO,OSEGUERA,Ingeniería en Sistemas Computacionales,25 DE FEBRERO DE 2010 AL 24 DE AGOSTO DE 2010
C77303012,IKER UNAI,AMETLLER,GOODWIN,Ingeniería en Electrónica,24 DE FEBRERO DE 2009 AL 23 DE AGOSTO DE 2009
C15304992,NELSA,FERNANDEZ MARCOS,ARANGOA,Ingeniería Industrial,14 DE JUNIO DE 2008 AL 11 DE DICIEMBRE DE 2008
11307305,LUIS MOISES,BEAR,ZARAGOZI,Ingeniería en Sistemas Computacionales,22 DE DICIEMBRE DE 1997 AL 20 DE JUNIO DE 1998
15302491,ADELINDA,SVENSSON,MILANO,Ingeniería en Sistemas Computacionales,18 DE AGOSTO DE 2010 AL 14 DE FEBRERO DE 2011
C86300487,FLORIN OVIDIU,DUMA,ORDIERES,Licenciatura en Administración,27 DE NOVIEMBRE DE 2019 AL 25 DE MAYO DE 2020
78302140,KASSIM,CABALLOL,COLE,Ingeniería en Electrónica,25 DE SEPTIEMBRE DE 1974 AL 24 DE MARZO DE 1975
98306533,HORACIO FERNANDO,BIOQUE,ORIO,Licenciatura en Contaduría,8 DE FEBRERO DE 2008 AL 6 DE AGOSTO DE 2008
C96307368,PALOMA BELEN,JOHNSON,LOPEZ CASTILLO,Licenciatura en Contaduría,13 DE ENERO DE 1976 AL 11 DE JULIO DE 1976
09307275,NAZMUL,FIGUERO,IRURTIA,Licenciatura en Contaduría,30 DE AGOSTO DE 1987 AL 26 DE FEBRERO DE 1988
90301992,ALEXIS ANTONIO,SEVERINO,CASADEVALL,Ingeniería en Electrónica,23 DE JUNIO DE 1991 AL 20 DE DICIEMBRE DE 1991
C80304269,PAU,PAGEO,MAGALLANES,Licenciatura en Contaduría,29 DE JUNIO DE 2004 AL 26 DE DICIEMBRE DE 2004
C09301804,KAREN JULIETH,SORALUCE,NOVILLO,Ingeniería en Sistemas Computacionales,23 DE FEBRERO DE 1993 AL 22 DE AGOSTO DE 1993
C96306203,SALVIA,FONTBONA,PUEYO,Ingeniería en Sistemas Computacionales,16 DE DICIEMBRE DE 1978 AL 14 DE JUNIO DE 1979
06304812,HUGO DARIO,MARTEL,SURIS,Ingeniería Industrial,29 DE JULIO DE 1987 AL 25 DE ENERO DE 1988
C25307053,LAMIAE,MARACINE,ZAHONERO,Ingeniería en Sistemas Computacionales,2 DE FEBRERO DE 1991 AL 1 DE AGOSTO DE 1991
C00300987,MAGDALENA KATARZYNA,DIEPPA,ARRUDA,Ingeniería en Sistemas Computacionales,20 DE MARZO DE 2009 AL 16 DE SEPTIEMBRE DE 2009
06308428,RADITA,GRIÑON,CARRIQUE,Ingeniería Industrial,9 DE ENERO DE 1982 AL 8 DE JULIO DE 1982
C09301427,TANIA SOFIA,CARCAR,URIBARREN,Licenciatura en Contaduría,23 DE JULIO DE 1997 AL 19 DE ENERO DE 1998
C76305985,YGUANIRA,MERO,COTOI,Ingeniería en Electrónica,19 DE AGOSTO DE 2002 AL 15 DE FEBRERO DE 2003
10302609,CRISTIAN MIHAI,MORENO PALANCAS,GOSENDE,Licenciatura en Contaduría,28 DE DICIEMBRE DE 1983 AL 25 DE JUNIO DE 1984
08306397,BRIANA,VITAL,COPA,Ingeniería en Sistemas Computacionales,3 DE FEBRERO DE 2008 AL 1 DE AGOSTO DE 2008
C79306796,JUAN FIDEL,GENES,PASTORET,Ingeniería en Electrónica,20 DE FEBRERO DE 2016 AL 18 DE AGOSTO DE 2016
76305499,CHAIBIA,GUBAU,DA VEIGA,Ingeniería Industrial,18 DE JUNIO DE 1990 AL 15 DE DICIEMBRE DE 1990
C20300109,MARCELO FERNANDO,VICARIA,NUEDA,Ingeniería en Electrónica,26 DE ABRIL DE 2018 AL 23 DE OCTUBRE DE 2018
C18304356,MARIANA ADRIANA,CURTE,ORMAETXEA,Licenciatura en Administración,14 DE MARZO DE 1975 AL 10 DE SEPTIEMBRE DE 1975
25304061,RENAUD,SEOANE,CAMBRAY,Ingeniería en Sistemas Computacionales,26 DE JULIO DE 1982 AL 22 DE ENERO DE 1983
C77302571,MARTA MACARENA,MORQUILLAS,JARNE,Ingeniería en Electrónica,4 DE FEBRERO DE 2009 AL 3 DE AGOSTO DE 2009
C86308046,FRANCO JAVIER,DE LUCIO,SALELLAS,Licenciatura en Administración,15 DE SEPTIEMBRE DE 1996 AL 14 DE MARZO DE 1997
23302636,DAN LUCIAN,ESCOS,MUNTE,Ingeniería Industrial,13 DE MAYO DE 2015 AL 9 DE NOVIEMBRE DE 2015
01305099,MARIA JENNIFER,URSACHE,BESA,Licenciatura en Contaduría,11 DE MAYO DE 2014 AL 7 DE NOVIEMBRE DE 2014
C94308766,WILSON ANIBAL,CATANA,OPREAN,Licenciatura en Contaduría,19 DE ENERO DE 2003 AL 18 DE JULIO DE 2003
14301096,VELICHKO,ALOR,COSIALLS,Ingeniería Industrial,12 DE MAYO DE 2021 AL 8 DE NOVIEMBRE DE 2021
C97304042,IONEL,REVILLA,ARNDT,Ingeniería en Electrónica,18 DE ABRIL DE 2003 AL 15 DE OCTUBRE DE 2003
C19303703,YOVANNA,LERMO,CHILLIDA,Licenciatura en Contaduría,21 DE DICIEMBRE DE 2013 AL 19 DE JUNIO DE 2014
20307668,KATIUSCIA,BAIGORRIA,BASTERO,Ingeniería en Sistemas Computacionales,5 DE MARZO DE 2006 AL 1 DE SEPTIEMBRE DE 2006
75303698,VANESA ESTEFANIA,OSORO,RAMA,Licenciatura en Administración,8 DE SEPTIEMBRE DE 2003 AL 6 DE MARZO DE 2004
76302941,MOUHSIN,SOLBAS,VERDURAS,Ingeniería Industrial,24 DE JULIO DE 2015 AL 20 DE ENERO DE 2016
20308760,EZZAHRA,ZUAZUA,NAFRIA,Ingeniería en Sistemas Computacionales,14 DE NOVIEMBRE DE 1995 AL 12 DE MAYO DE 1996
C95308731,ELENA FELICIA,VECILLAS,DUCHI,Licenciatura en Contaduría,10 DE MAYO DE 1981 AL 6 DE NOVIEMBRE DE 1981
11302275,KASANDRA,LARGO,DOMENE,Licenciatura en Contaduría,3 DE NOVIEMBRE DE 1978 AL 2 DE MAYO DE 1979
87302422,GRACIELA ESTER,POZANCO,EZEIZA,Ingeniería en Electrónica,18 DE ENERO DE 2020 AL 16 DE JULIO DE 2020
C88304177,BENEDITO,TXINTXURRETA,RAI,Ingeniería Industrial,5 DE FEBRERO DE 1981 AL 4 DE AGOSTO DE 1981
14309781,ANDREA VALERIA,AZLOR,TARELA,Licenciatura en Administración,26 DE OCTUBRE DE 1986 AL 24 DE ABRIL DE 1987
C08304731,ELLEN MARY,PADURE,VEIGUELA,Licenciatura en Contaduría,24 DE NOVIEMBRE DE 1986 AL 23 DE MAYO DE 1987
74309032,NIGEL DAVID,ARTIACH,CATEDRA,Ingeniería en Sistemas Computacionales,29 DE JULIO DE 2025 AL 25 DE ENERO DE 2026
C93306101,KAREN DAYANA,GREUS,VILLADIEGO,Licenciatura en Contaduría,22 DE ABRIL DE 1984 AL 19 DE OCTUBRE DE 1984
91300817,CHRISTOPHER STEPHEN,BORTA,THAPA,Licenciatura en Contaduría,9 DE AGOSTO DE 1981 AL 5 DE FEBRERO DE 1982
81300202,HUGO EMILIO,PESET,HABIB,Ingeniería en Electrónica,5 DE OCTUBRE DE 2011 AL 2 DE ABRIL DE 2012
C89301000,CONCEPCIO,DE ANA,CHENLO,Licenciatura en Contaduría,9 DE AGOSTO DE 1988 AL 5 DE FEBRERO DE 1989
C18307186,MURIELLE,OZON,LIJO,Licenciatura en Administración,28 DE MAYO DE 2002 AL 24 DE NOVIEMBRE DE 2002
C20300241,ARUNA,LLOBELL,CAMPANO,Licenciatura en Administración,24 DE ENERO DE 2013 AL 23 DE JULIO DE 2013
C14303026,MARIA GUIA,LABAKA,GORROTXATEGI,Licenciatura en Administración,14 DE NOVIEMBRE DE 1977 AL 13 DE MAYO DE 1978
C13302752,CARMEN TRINIDAD,BROOKS,COLE,Licenciatura en Contaduría,30 DE DICIEMBRE DE 2017 AL 28 DE JUNIO DE 2018
C12309260,YAZIRA,JUNCAL,EL HASSNAOUI,Ingeniería Industrial,11 DE MAYO DE 1978 AL 7 DE NOVIEMBRE DE 1978
C03305048,SIMEON,RAU,REDREJO,Ingeniería en Electrónica,19 DE NOVIEMBRE DE 1975 AL 17 DE MAYO DE 1976
25300930,SHIRLEY ELIZABETH,MARIBLANCA,BURDIO,Licenciatura en Contaduría,14 DE OCTUBRE DE 2008 AL 12 DE ABRIL DE 2009
22302772,MOKHTAR,OTTO,ESCRIGAS,Licenciatura en Administración,3 DE ABRIL DE 2007 AL 30 DE SEPTIEMBRE DE 2007
76304576,BENYOUNES,MANTA,ERCILLA,Ingeniería en Electrónica,4 DE MARZO DE 2007 AL 31 DE AGOSTO DE 2007
C06305967,ANTONIO ELADIO,LANCIEGO,GONZALEZ MOHINO,Ingeniería en Electrónica,19 DE JUNIO DE 1984 AL 16 DE DICIEMBRE DE 1984
C15302542,DOREL VASILE,MOSTEIRO,BACHES,Ingeniería Industrial,9 DE MAYO DE 2019 AL 5 DE NOVIEMBRE DE 2019
12307939,DIANA MANUELA,GIRO,RECUERDA,Ingeniería en Electrónica,4 DE ENERO DE 1981 AL 3 DE JULIO DE 1981
83300175,DORA LILIA,ALMARZA,ANDEME,Ingeniería Industrial,29 DE NOVIEMBRE DE 1976 AL 28 DE MAYO DE 1977
C24308069,ROSA MARIELA,CINZA,PAISANO,Licenciatura en Contaduría,22 DE OCTUBRE DE 1993 AL 20 DE ABRIL DE 1994
C24307104,JUANA IGNACIA,MANIAS,CASTARNADO,Ingeniería Industrial,16 DE JUNIO DE 2001 AL 13 DE DICIEMBRE DE 2001
75301403,PIETERNELLA,COSTANZO,MANOVEL,Ingeniería en Sistemas Computacionales,1 DE ABRIL DE 1996 AL 28 DE SEPTIEMBRE DE 1996
00300520,TIBURCIO,CAÑON,PAVEZ,Licenciatura en Administración,16 DE SEPTIEMBRE DE 1974 AL 15 DE MARZO DE 1975
98307690,DAVID AURELIO,GESE,RENGEL,Ingeniería Industrial,23 DE AGOSTO DE 2013 AL 19 DE FEBRERO DE 2014
C96300702,LIGIA PATRICIA,PECI,BELASTEGUI,Ingeniería en Sistemas Computacionales,15 DE MARZO DE 1989 AL 11 DE SEPTIEMBRE DE 1989
C10301252,MATTHEW ALEXANDER,CHAO,BUSQUETS,Licenciatura en Administración,18 DE NOVIEMBRE DE 2004 AL 17 DE MAYO DE 2005
89308868,ZORAIDA,CARDONER,CAYARGA,Ingeniería en Sistemas Computacionales,9 DE NOVIEMBRE DE 1984 AL 8 DE MAYO DE 1985
C01301660,ADELHEID,LIGORRED,GARABATO,Ingeniería en Electrónica,15 DE MARZO DE 2017 AL 11 DE SEPTIEMBRE DE 2017
C95304752,MUHAMMAD BILAL,CHILLIDA,COBEÑO,Licenciatura en Administración,27 DE DICIEMBRE DE 2014 AL 25 DE JUNIO DE 2015
C94308866,ROGER CHARLES,HADDAD,FENOLLAR,Licenciatura en Contaduría,4 DE JUNIO DE 1994 AL 1 DE DICIEMBRE DE 1994
C25304751,CIARA,CARRAMOLINO,ARES,Ingeniería en Sistemas Computacionales,15 DE AGOSTO DE 1974 AL 11 DE FEBRERO DE 1975
C79300180,PATRICIO,TAUT,NUTA,Licenciatura en Contaduría,3 DE SEPTIEMBRE DE 2018 AL 2 DE MARZO DE 2019
C92308229,EMMANUEL,ESPRIU,DUPUY,Licenciatura en Contaduría,16 DE JULIO DE 2009 AL 12 DE ENERO DE 2010
85303096,KEVIN FERNANDO,USAN,LEGASA,Ingeniería en Sistemas Computacionales,25 DE NOVIEMBRE DE 1974 AL 24 DE MAYO DE 1975
C21306933,SILVIA GUADALUPE,ALMONACID,LESAN,Licenciatura en Contaduría,22 DE AGOSTO DE 2014 AL 18 DE FEBRERO DE 2015
C08301677,SEDA,SORIANO,RAUSELL,Ingeniería Industrial,14 DE ABRIL DE 1999 AL 11 DE OCTUBRE DE 1999
C92300074,CARL ANTHONY,ARNO,GARCIA MOCHALES,Ingeniería en Electrónica,1 DE MARZO DE 1994 AL 28 DE AGOSTO DE 1994
C97300363,GUENDALINA,HERMOSIN,VESA,Licenciatura en Administración,28 DE JUNIO DE 1991 AL 25 DE DICIEMBRE DE 1991
C92304053,DIOUF,BRUNED,KOSTOV,Licenciatura en Administración,4 DE NOVIEMBRE DE 1981 AL 3 DE MAYO DE 1982
06306548,CLAUDIA TATIANA,MACALOU,ASTOLA,Ingeniería Industrial,1 DE ENERO DE 1975 AL 30 DE JUNIO DE 1975
C88309087,LISBETH CAROLINA,TUA,PACHE,Licenciatura en Administración,3 DE FEBRERO DE 2012 AL 1 DE AGOSTO DE 2012
96304237,YESENIA ROCIO,EPURE,COBZARU,Ingeniería en Sistemas Computacionales,11 DE MAYO DE 2009 AL 7 DE NOVIEMBRE DE 2009
C81305733,JAIRO JOSE,ARISQUETA,PENIZA,Ingeniería en Electrónica,21 DE AGOSTO DE 1978 AL 17 DE FEBRERO DE 1979
C89303489,MIREN GURUTZE,SANCHEZ SECO,AUNION,Ingeniería en Electrónica,31 DE MAYO DE 2017 AL 27 DE NOVIEMBRE DE 2017
00309189,JONATHAN FABIAN,ALLANDE,SAVAGE,Ingeniería en Sistemas Computacionales,29 DE MAYO DE 2000 AL 25 DE NOVIEMBRE DE 2000
C06300824,CRISTINA DOLORES,PIEDECAUSA,FERNANDEZ DE BETOÑO,Licenciatura en Contaduría,21 DE MARZO DE 2019 AL 17 DE SEPTIEMBRE DE 2019
C99308187,ANGEL SEGUNDO,AGUERA,VALTUILLE,Licenciatura en Administración,12 DE ENERO DE 2006 AL 11 DE JULIO DE 2006
12300469,FRANCIELE,ERIZ,PORTALES,Ingeniería en Electrónica,7 DE AGOSTO DE 1980 AL 3 DE FEBRERO DE 1981
C87307600,GABRIELA GEORGETA,VASQUES,APARECIDA,Ingeniería en Sistemas Computacionales,11 DE JULIO DE 2011 AL 7 DE ENERO DE 2012
75301214,CIPRIAN,ALFONSIN,LUO,Ingeniería en Sistemas Computacionales,6 DE MARZO DE 1992 AL 2 DE SEPTIEMBRE DE 1992
C99304455,MISHEL,CONCHELLO,TOUNKARA,Licenciatura en Administración,27 DE FEBRERO DE 2003 AL 26 DE AGOSTO DE 2003
12308601,JAVIER ADRIAN,ARUMI,ALVERCA,Licenciatura en Administración,20 DE NOVIEMBRE DE 2008 AL 19 DE MAYO DE 2009
C75302884,ANTONIO MARIAN,LAMBARRI,CHARRADI,Licenciatura en Administración,14 DE MAYO DE 1984 AL 10 DE NOVIEMBRE DE 1984
C06303442,ELENA TERESA,MURIEDAS,TARDAGUILA,Ingeniería en Sistemas Computacionales,23 DE AGOSTO DE 2016 AL 19 DE FEBRERO DE 2017
C83304531,NELSON DANIEL,SUANO,OLEAS,Licenciatura en Administración,6 DE MAYO DE 2013 AL 2 DE NOVIEMBRE DE 2013
C80309229,FLORIN COSTEL,FADON,INCHAURRAGA,Licenciatura en Administración,16 DE FEBRERO DE 2005 AL 15 DE AGOSTO DE 2005
00302618,VIRIATO,URKIZA,ARITON,Ingeniería en Electrónica,29 DE MARZO DE 2018 AL 25 DE SEPTIEMBRE DE 2018
C92305592,ION MARIAN,VITON,CILLER,Licenciatura en Administración,9 DE MARZO DE 1996 AL 5 DE SEPTIEMBRE DE 1996
C92300065,RAMONA ELENA,MILLER,MEDAN,Ingeniería en Sistemas Computacionales,18 DE DICIEMBRE DE 2017 AL 16 DE JUNIO DE 2018
C05303006,CARMEN VIRTUDES,BONJORN,ALGUERO,Licenciatura en Contaduría,2 DE OCTUBRE DE 1990 AL 31 DE MARZO DE 1991
06309597,ESTANISLAO,TERROBA,VILADOMS,Ingeniería en Electrónica,5 DE FEBRERO DE 2000 AL 3 DE AGOSTO DE 2000
06309918,CILENE,TERCIADO,SAUCEDO,Licenciatura en Contaduría,13 DE AGOSTO DE 2020 AL 9 DE FEBRERO DE 2021
84308149,ELISABETE MARIA,GRANOLLERS,GASANZ,Licenciatura en Administración,3 DE DICIEMBRE DE 2004 AL 1 DE JUNIO DE 2005
05303184,JANICE ANN,PAMPIN,MOLAS,Licenciatura en Administración,28 DE DICIEMBRE DE 2010 AL 26 DE JUNIO DE 2011
C02305540,EURIDICE,ALMENDROTE,CATEDRA,Ingeniería Industrial,27 DE SEPTIEMBRE DE 2006 AL 26 DE MARZO DE 2007
21309321,MARIO SERGIO,BERES,ABALLE,Licenciatura en Administración,24 DE NOVIEMBRE DE 2020 AL 23 DE MAYO DE 2021
C20308513,DUMITRU VIOREL,REGUILON,KHALLOUFI,Ingeniería en Sistemas Computacionales,14 DE DICIEMBRE DE 2004 AL 12 DE JUNIO DE 2005
C81307582,ROBERTO CLAUDIO,DAVO,DE MIGUEL,Licenciatura en Administración,31 DE MAYO DE 2018 AL 27 DE NOVIEMBRE DE 2018
C18306390,ANNA DOROTA,ZOROA,CHAFLA,Licenciatura en Administración,16 DE NOVIEMBRE DE 1997 AL 15 DE MAYO DE 1998
C95305038,CHRISTINE MAY,BARREALES,MENACHO,Ingeniería en Sistemas Computacionales,11 DE ENERO DE 2002 AL 10 DE JULIO DE 2002
C23303932,DIEGO RODRIGO,RUF,IORDACHE,Licenciatura en Contaduría,27 DE MARZO DE 1994 AL 23 DE SEPTIEMBRE DE 1994
03304144,VLAD MIHAI,LOBEIRAS,SOMODEVILLA,Licenciatura en Administración,9 DE JULIO DE 2001 AL 5 DE ENERO DE 2002
83309759,EL AMIN,CAMI,UBACH,Licenciatura en Administración,16 DE OCTUBRE DE 2012 AL 14 DE ABRIL DE 2013
C15304312,SUSANA MANUELA,FREY,BANQUERI,Ingeniería en Electrónica,16 DE AGOSTO DE 1988 AL 12 DE FEBRERO DE 1989
C81304640,MANUEL JOSE MARIA,HEREU,BATTAGLIA,Ingeniería en Sistemas Computacionales,21 DE MARZO DE 2005 AL 17 DE SEPTIEMBRE DE 2005
11306005,EIRE,MUSACH,TABAS,Licenciatura en Contaduría,16 DE JULIO DE 1985 AL 12 DE ENERO DE 1986
C97304465,SADIKA,GARCIA DE LEANIZ,CHAVELI,Ingeniería en Electrónica,6 DE JULIO DE 1983 AL 2 DE ENERO DE 1984
C86306269,VIRGINIA TERESA,BRANCHADELL,ANGERIZ,Licenciatura en Administración,5 DE AGOSTO DE 2025 AL 1 DE FEBRERO DE 2026
C04300851,FIDELIS,ALTED,MAQUIEIRA,Licenciatura en Contaduría,24 DE JUNIO DE 1979 AL 21 DE DICIEMBRE DE 1979
98303136,ANNA ROSA,SOLVAS,GIURGIU,Ingeniería Industrial,18 DE AGOSTO DE 2002 AL 14 DE FEBRERO DE 2003
04302093,VICENTE EMILIO,TANASE,FABEIRO,Licenciatura en Contaduría,16 DE FEBRERO DE 1974 AL 15 DE AGOSTO DE 1974
86309426,CONSTANTIN ROBERT,FAUSTINO,LINDE,Ingeniería en Sistemas Computacionales,25 DE JUNIO DE 2022 AL 22 DE DICIEMBRE DE 2022
10309638,XIAOQING,ASRI,RODEIRO,Licenciatura en Contaduría,22 DE NOVIEMBRE DE 1986 AL 21 DE MAYO DE 1987
C87303632,FLORINDA,PEREZ DE TUDELA,ALCANTARILLA,Ingeniería en Electrónica,7 DE FEBRERO DE 1986 AL 6 DE AGOSTO DE 1986
C87309598,AMETS,PELIGROS,DOBLADO,Ingeniería en Electrónica,6 DE ABRIL DE 2009 AL 3 DE OCTUBRE DE 2009
C18300721,XIAOLIANG,ASTONDOA,FONTIRROIG,Ingeniería Industrial,11 DE ABRIL DE 2023 AL 8 DE OCTUBRE DE 2023
75306036,ADRIAN CARLOS,MACHACA,SALETE,Ingeniería Industrial,28 DE MAYO DE 1987 AL 24 DE NOVIEMBRE DE 1987
88306253,RAQUEL ANTONIA,MENDILUCE,PLATAS,Ingeniería en Sistemas Computacionales,14 DE MARZO DE 2018 AL 10 DE SEPTIEMBRE DE 2018
C01302342,JASKARAN,DIAZ,SILVO,Licenciatura en Contaduría,5 DE DICIEMBRE DE 1982 AL 3 DE JUNIO DE 1983
C81309564,RADU LUCIAN,PALLICER,EL OUAHABI,Ingeniería en Sistemas Computacionales,18 DE JUNIO DE 1982 AL 15 DE DICIEMBRE DE 1982
09303103,SHEILA MARIE,CALLEJO,GAMELL,Ingeniería Industrial,29 DE OCTUBRE DE 1991 AL 26 DE ABRIL DE 1992
C01300769,ELENA LILIANA,BALLESTAR,AFKIR,Licenciatura en Contaduría,12 DE OCTUBRE DE 1998 AL 10 DE ABRIL DE 1999
04305110,ARGENTINO,OBESO,LEAL,Ingeniería Industrial,13 DE MAYO DE 1999 AL 9 DE NOVIEMBRE DE 1999
81309506,HANS WALTER,DE LA NAVA,BACO,Licenciatura en Contaduría,24 DE ABRIL DE 1985 AL 21 DE OCTUBRE DE 1985
C00302926,RAFAEL ALFREDO,CORTEGANA,SALI,Licenciatura en Administración,7 DE MAYO DE 1983 AL 3 DE NOVIEMBRE DE 1983
06308459,JIMENA SOLEDAD,SANDERSON,BECK,Licenciatura en Contaduría,21 DE NOVIEMBRE DE 1994 AL 20 DE MAYO DE 1995
C96304512,ALEXANDRA MARIANA,BUTOI,BARRAJON,Ingeniería en Sistemas Computacionales,16 DE NOVIEMBRE DE 2016 AL 15 DE MAYO DE 2017
C80307634,JOSE JOAQUIN,GAROS,ZAIMI,Ingeniería en Sistemas Computacionales,24 DE AGOSTO DE 1982 AL 20 DE FEBRERO DE 1983
C08300381,ROMINA ELIZABETH,HALL,LUCANO,Ingeniería en Electrónica,4 DE SEPTIEMBRE DE 2023 AL 2 DE MARZO DE 2024
91306652,GEORGIANA LOREDANA,BRANDON,BADA,Licenciatura en Contaduría,15 DE JUNIO DE 2004 AL 12 DE DICIEMBRE DE 2004
20300148,ALFREDO JUAN,ZURRO,PETRU,Ingeniería Industrial,17 DE ENERO DE 1998 AL 16 DE JULIO DE 1998
87309409,KATHERINE CAROLINA,EL MORABIT,OLIVERI,Licenciatura en Administración,7 DE AGOSTO DE 2025 AL 3 DE FEBRERO DE 2026
C80308646,MANUEL BORJA,GREEN,PARRALEJO,Ingeniería en Sistemas Computacionales,16 DE JUNIO DE 1996 AL 13 DE DICIEMBRE DE 1996
99301529,MOHAMED YASSINE,COSME,VEIZAGA,Ingeniería en Electrónica,18 DE DICIEMBRE DE 2021 AL 16 DE JUNIO DE 2022
79305723,MILAGROS,DUEÑAS,BAKKER,Licenciatura en Administración,5 DE ABRIL DE 2024 AL 2 DE OCTUBRE DE 2024
C18309174,BLANCA JULIA,MACHON,HUEROS,Licenciatura en Contaduría,11 DE NOVIEMBRE DE 2006 AL 10 DE MAYO DE 2007
C74309406,GAVINA,TIVADAR,LALIGA,Ingeniería en Sistemas Computacionales,9 DE JUNIO DE 2010 AL 6 DE DICIEMBRE DE 2010
C17301422,JAIME JOAQUIN,AIX,UBER,Licenciatura en Contaduría,2 DE ENERO DE 2004 AL 30 DE JUNIO DE 2004
C10304136,SANDICA,ORIO,SENDINO,Ingeniería en Electrónica,9 DE SEPTIEMBRE DE 2004 AL 8 DE MARZO DE 2005
C91309929,HAMMAD,GALLES,CHUNGA,Ingeniería Industrial,23 DE NOVIEMBRE DE 1990 AL 22 DE MAYO DE 1991
C90301067,NORIK,NOVES,CALLE,Licenciatura en Administración,23 DE SEPTIEMBRE DE 1993 AL 22 DE MARZO DE 1994
C84300664,PATRICIA ANA,DASWANI,FIKRI,Ingeniería en Electrónica,20 DE SEPTIEMBRE DE 1983 AL 18 DE MARZO DE 1984
88300879,MICHAEL JOSE,SAN,CORON,Licenciatura en Contaduría,5 DE SEPTIEMBRE DE 2017 AL 4 DE MARZO DE 2018
81303392,YESSICA PAOLA,CABALGANTE,JUSTES,Licenciatura en Contaduría,6 DE DICIEMBRE DE 1986 AL 4 DE JUNIO DE 1987
C80305836,NELSON JAVIER,BARBADO,DE TERESA,Licenciatura en Contaduría,7 DE OCTUBRE DE 2024 AL 5 DE ABRIL DE 2025
08309811,LAMIN,DESVIAT,PARRIEGO,Ingeniería Industrial,19 DE NOVIEMBRE DE 1977 AL 18 DE MAYO DE 1978
C96306083,MIREN ELIXABET,EDDAHBI,ADA,Licenciatura en Administración,26 DE FEBRERO DE 2002 AL 25 DE AGOSTO DE 2002
C76300400,SOHAN,SBERT,VILLAREJO,Ingeniería en Electrónica,15 DE NOVIEMBRE DE 1993 AL 14 DE MAYO DE 1994
C90307496,MARIA ERICA,GALLENT,LACUEVA,Ingeniería en Sistemas Computacionales,14 DE ABRIL DE 2021 AL 11 DE OCTUBRE DE 2021
C21308002,VICTOR OCTAVIO,ARCELUS,PRADAS,Licenciatura en Contaduría,17 DE FEBRERO DE 2002 AL 16 DE AGOSTO DE 2002
24307324,WASHINGTON FERNANDO,CLARK,MIMOUN,Licenciatura en Contaduría,18 DE OCTUBRE DE 2015 AL 15 DE ABRIL DE 2016
81302950,HONORIO JOSE,CLAURE,CARRE,Ingeniería en Electrónica,31 DE ENERO DE 1977 AL 30 DE JULIO DE 1977
16300906,EDUARD JOSEP,BER,PUIU,Licenciatura en Administración,30 DE JULIO DE 1995 AL 26 DE ENERO DE 1996
95300591,JIANYU,MARTIARTU,JAREÑO,Licenciatura en Contaduría,12 DE NOVIEMBRE DE 1994 AL 11 DE MAYO DE 1995
10300724,ZACARIA,PERI,SANCHEZ DE LEON,Ingeniería en Sistemas Computacionales,2 DE FEBRERO DE 1978 AL 1 DE AGOSTO DE 1978
17308671,VENICIA,LEAÑOS,ACHOUR,Ingeniería en Sistemas Computacionales,12 DE ENERO DE 2003 AL 11 DE JULIO DE 2003
82305597,ANA MICHELLE,MUNTION,LABANDIBAR,Ingeniería Industrial,24 DE DICIEMBRE DE 2005 AL 22 DE JUNIO DE 2006
C11307482,BIXENTE,LLONCH,GUISASOLA,Ingeniería Industrial,24 DE JULIO DE 1993 AL 20 DE ENERO DE 1994
07307225,LIQUN,O'SULLIVAN,BAUM,Licenciatura en Administración,10 DE NOVIEMBRE DE 2019 AL 8 DE MAYO DE 2020
10302310,JUDITH ELIZABETH,GAZPIO,BAUSELLS,Licenciatura en Administración,29 DE MARZO DE 2020 AL 25 DE SEPTIEMBRE DE 2020
C05306127,MARIA SOTERRAÑA,AMATRIA,CIVIDANES,Licenciatura en Administración,29 DE JULIO DE 2018 AL 25 DE ENERO DE 2019
96309320,JAIME CRISTOBAL,PELAY,BARRIGUETE,Licenciatura en Administración,4 DE FEBRERO DE 1976 AL 2 DE AGOSTO DE 1976
C93303334,RAUL ALEJANDRO,CORREOSO,SERAFINI,Ingeniería en Electrónica,11 DE OCTUBRE DE 2011 AL 8 DE ABRIL DE 2012
C21303681,GLORIA MERCEDES,DEL SAZ,JUSTINIANO,Licenciatura en Contaduría,18 DE SEPTIEMBRE DE 2019 AL 16 DE MARZO DE 2020
C82307556,VANESA LORENA,LAURE,HORAS,Ingeniería en Sistemas Computacionales,28 DE JUNIO DE 2000 AL 25 DE DICIEMBRE DE 2000
C85306759,ERICK MANUEL,SOLIVA,ESTRINGANA,Licenciatura en Administración,17 DE MARZO DE 1997 AL 13 DE SEPTIEMBRE DE 1997
18308615,ERRADI,CIBORRO,MOLINERA,Ingeniería en Electrónica,4 DE JUNIO DE 1988 AL 1 DE DICIEMBRE DE 1988
16308230,GEOFFREY JOHN,JURADO,ILARRAZA,Ingeniería Industrial,8 DE MAYO DE 2012 AL 4 DE NOVIEMBRE DE 2012
C15303336,EL HADJI MALICK,ZUBIETA,GUTIERREZ DEL ALAMO,Licenciatura en Administración,27 DE DICIEMBRE DE 2020 AL 25 DE JUNIO DE 2021
75308625,GALILEA,SEÑAS,CUICHAN,Licenciatura en Contaduría,6 DE AGOSTO DE 1997 AL 2 DE FEBRERO DE 1998
90308392,YACINE,IONITA,BRUMOS,Ingeniería Industrial,27 DE JUNIO DE 2018 AL 24 DE DICIEMBRE DE 2018
24309899,LAURINDO,PORTOLES,VILLAREJO,Licenciatura en Administración,10 DE ABRIL DE 2018 AL 7 DE OCTUBRE DE 2018
C08308358,IWONA MARIA,GORIS,URIBARRENA,Ingeniería Industrial,9 DE FEBRERO DE 2007 AL 8 DE AGOSTO DE 2007
C87308091,MABEL BEATRIZ,ONECHA,CLA,Ingeniería en Electrónica,22 DE AGOSTO DE 2001 AL 18 DE FEBRERO DE 2002
85302234,DANITZA,CHIKRI,ROMAY,Licenciatura en Administración,13 DE ENERO DE 2015 AL 12 DE JULIO DE 2015
C92300743,LUIS VALERIANO,FADLI,CANARIO,Ingeniería Industrial,18 DE FEBRERO DE 2022 AL 17 DE AGOSTO DE 2022
C25308851,LIRIA ESTHER,CAMARILLO,MIRAGALL,Licenciatura en Administración,13 DE MAYO DE 1997 AL 9 DE NOVIEMBRE DE 1997
21306420,BLAS RAMON,BARCONES,CIA,Ingeniería en Electrónica,7 DE DICIEMBRE DE 2017 AL 5 DE JUNIO DE 2018
C89307358,STEPHEN CHARLES,ZEBALLOS,BALDOMA,Ingeniería Industrial,6 DE SEPTIEMBRE DE 2011 AL 4 DE MARZO DE 2012
97306822,IOAN LUCIAN,CASTANERA,SCHUMANN,Licenciatura en Contaduría,4 DE JULIO DE 1998 AL 31 DE DICIEMBRE DE 1998
93309982,PEDRO ABRAHAM,ORRO,TRAVEZ,Licenciatura en Administración,22 DE NOVIEMBRE DE 2010 AL 21 DE MAYO DE 2011
05308145,ELIDE,SILES,PAVEL,Licenciatura en Administración,20 DE JUNIO DE 1993 AL 17 DE DICIEMBRE DE 1993
84309714,JANET ELAINE,TRAVESEDO,SANCHEZ MONTAÑEZ,Licenciatura en Contaduría,5 DE MARZO DE 1985 AL 1 DE SEPTIEMBRE DE 1985
76304838,ALBINA,DUASO,CALDEIRO,Licenciatura en Contaduría,8 DE MAYO DE 1985 AL 4 DE NOVIEMBRE DE 1985
C08303360,NESRINE,EL HACHIMI,BIELSA,Licenciatura en Administración,17 DE FEBRERO DE 1995 AL 16 DE AGOSTO DE 1995
C12302830,CESAR LUIS,CHOCRON,VOLTES,Licenciatura en Administración,24 DE AGOSTO DE 2012 AL 20 DE FEBRERO DE 2013
C85304664,CORINA NICOLETA,VALIÑA,LAYOS,Licenciatura en Administración,8 DE SEPTIEMBRE DE 1992 AL 7 DE MARZO DE 1993
09308801,KAREN LISSETH,HERVALEJO,BOZDOG,Ingeniería en Electrónica,5 DE MARZO DE 2003 AL 1 DE SEPTIEMBRE DE 2003
08302754,BIRGITTE,MURGUIONDO,DE ALARCON,Ingeniería en Sistemas Computacionales,29 DE ENERO DE 2018 AL 28 DE JULIO DE 2018
C76300695,ZEINA,CIMADEVILLA,AHARCHI,Ingeniería en Electrónica,10 DE JULIO DE 2023 AL 6 DE ENERO DE 2024
C82307162,DANIELA TERESA,DE TENA,FERRAL,Ingeniería en Sistemas Computacionales,10 DE FEBRERO DE 2023 AL 9 DE AGOSTO DE 2023
C00302466,CRISTIAN ALONSO,WOLFF,AMAGUA,Ingeniería en Sistemas Computacionales,10 DE MARZO DE 2024 AL 6 DE SEPTIEMBRE DE 2024
C25302448,ANDREW BRIAN,TUNDIDOR,GALLEGA,Licenciatura en Contaduría,22 DE JUNIO DE 2015 AL 19 DE DICIEMBRE DE 2015
11301723,KLARA,REOLID,BUTOI,Ingeniería en Electrónica,18 DE AGOSTO DE 1995 AL 14 DE FEBRERO DE 1996
C84302324,IULICA,BRIANSO,TOMOV,Ingeniería Industrial,16 DE AGOSTO DE 2023 AL 12 DE FEBRERO DE 2024
C92303385,JOHN ANDREW,MACAYA,ALIEVA,Ingeniería en Sistemas Computacionales,21 DE AGOSTO DE 2022 AL 17 DE FEBRERO DE 2023
07303914,SOPHIE ANNE,ALDALUR,PICAZA,Ingeniería Industrial,27 DE FEBRERO DE 1976 AL 25 DE AGOSTO DE 1976
78300626,MARC JOAN,GARCIA DE VEAS,BASTAN,Ingeniería en Electrónica,6 DE FEBRERO DE 2000 AL 4 DE AGOSTO DE 2000
C92309325,CLEOFE,PARENTE,HEALY,Licenciatura en Contaduría,9 DE ENERO DE 1981 AL 8 DE JULIO DE 1981
09301962,RETO,MENACHO,GARCIA PATRON,Ingeniería Industrial,24 DE MARZO DE 2019 AL 20 DE SEPTIEMBRE DE 2019
C15301331,GHEORGHE LAURENTIU,SANCHEZ PORRO,MANZANEQUE,Ingeniería Industrial,26 DE AGOSTO DE 2025 AL 22 DE FEBRERO DE 2026
C11309427,MARTA LETICIA,RUMAYOR,CORDOVEZ,Licenciatura en Administración,9 DE DICIEMBRE DE 1983 AL 6 DE JUNIO DE 1984
91306191,VITAL,ANTONELLI,IMBRODA,Licenciatura en Administración,10 DE FEBRERO DE 1985 AL 9 DE AGOSTO DE 1985
13309477,BALRAJ,IBERO,SUANES,Licenciatura en Contaduría,24 DE DICIEMBRE DE 1987 AL 21 DE JUNIO DE 1988
C09309320,JOHN SIDNEY,TOROLLO,MORUNO,Licenciatura en Contaduría,17 DE NOVIEMBRE DE 1995 AL 15 DE MAYO DE 1996
18309179,EL MOKHTAR,SCHREIBER,ETXEBARRIETA,Licenciatura en Contaduría,23 DE OCTUBRE DE 2007 AL 20 DE ABRIL DE 2008
14300344,IBANA,SOPA,ASPANO,Licenciatura en Contaduría,5 DE NOVIEMBRE DE 1988 AL 4 DE MAYO DE 1989
C10306985,APARICIO,CHAMORRO,FOLCH,Licenciatura en Contaduría,10 DE DICIEMBRE DE 1982 AL 8 DE JUNIO DE 1983
19301657,GERMAN DANIEL,EL YAGOUBI,SOARE,Licenciatura en Contaduría,25 DE DICIEMBRE DE 2017 AL 23 DE JUNIO DE 2018
76301658,YASSIRA,GARCIA GASCO,ANAUT,Ingeniería en Sistemas Computacionales,16 DE FEBRERO DE 2009 AL 15 DE AGOSTO DE 2009
C97303297,XUEFENG,LEÑERO,MONTEMAYOR,Licenciatura en Administración,8 DE ENERO DE 1991 AL 7 DE JULIO DE 1991
91303000,RASHAD,VALAREZO,TORRIJOS,Ingeniería en Electrónica,22 DE MAYO DE 1982 AL 18 DE NOVIEMBRE DE 1982
20306376,NICOLAE MIRCEA,CASTELO,LLANA,Ingeniería en Electrónica,7 DE JUNIO DE 1996 AL 4 DE DICIEMBRE DE 1996
13300266,SANTIAGO ALONSO,MANEU,FROIZ,Licenciatura en Contaduría,8 DE AGOSTO DE 2023 AL 4 DE FEBRERO DE 2024
04301882,AMELIA ISABEL,PIZANA,BUENAVENTURA,Licenciatura en Contaduría,9 DE JUNIO DE 2009 AL 6 DE DICIEMBRE DE 2009
85305340,PAULO FERNANDO,NEIRO,BONOME,Licenciatura en Contaduría,17 DE MARZO DE 1999 AL 13 DE SEPTIEMBRE DE 1999
C06309085,ROGER PAUL,DJITTE,TRUFERO,Ingeniería en Sistemas Computacionales,30 DE OCTUBRE DE 2022 AL 28 DE ABRIL DE 2023
22307616,TATIANA,GARCIA DE VINUESA,NASSER,Licenciatura en Contaduría,9 DE ABRIL DE 1977 AL 6 DE OCTUBRE DE 1977
C21303275,MONTE,FORTUN,RODOREDA,Ingeniería en Electrónica,10 DE ENERO DE 1983 AL 9 DE JULIO DE 1983
C92307761,PATRICIA GLORIA,ZARRALANGA,TISCAR,Ingeniería Industrial,3 DE JULIO DE 2004 AL 30 DE DICIEMBRE DE 2004
86309878,ANA TOMASA,PACHECO,SIRES,Ingeniería en Sistemas Computacionales,28 DE JULIO DE 2025 AL 24 DE ENERO DE 2026
C07302321,PASTORA CARMEN,MAYORGA,GOST,Ingeniería Industrial,24 DE MAYO DE 1996 AL 20 DE NOVIEMBRE DE 1996
C02300214,HAIZHU,PESADO,VELENCOSO,Ingeniería Industrial,6 DE ABRIL DE 2014 AL 3 DE OCTUBRE DE 2014
14306456,ADOLFO IGNACIO,DE LA RASILLA,GORDO,Licenciatura en Administración,21 DE JULIO DE 2024 AL 17 DE ENERO DE 2025
C96308544,GEORGETA MARIA,MARURI,WEIR,Licenciatura en Contaduría,2 DE OCTUBRE DE 2003 AL 30 DE MARZO DE 2004
C93300259,ALEJANDRO MANUEL,TAULES,IRURETAGOIENA,Ingeniería en Sistemas Computacionales,11 DE JUNIO DE 2025 AL 8 DE DICIEMBRE DE 2025
C78309412,DANIEL IGNACIO,MONSO,AZZOUZI,Ingeniería Industrial,15 DE SEPTIEMBRE DE 2001 AL 14 DE MARZO DE 2002
C03301847,ALICIA ALEJANDRA,URDILLO,BUENAÑO,Licenciatura en Administración,23 DE MAYO DE 1985 AL 19 DE NOVIEMBRE DE 1985
79303116,ANA ANGELA,CORNEJO,BENDEZU,Ingeniería en Sistemas Computacionales,3 DE ABRIL DE 2005 AL 30 DE SEPTIEMBRE DE 2005
91301947,TAYRA,SAHRAOUI,ESCARDO,Ingeniería Industrial,11 DE DICIEMBRE DE 1975 AL 8 DE JUNIO DE 1976
C91301610,FEDOR,MANGAS,TRECEÑO,Ingeniería en Sistemas Computacionales,12 DE AGOSTO DE 1976 AL 8 DE FEBRERO DE 1977
C98307605,EVA MARGARETA,VELLON,LOPEZ IBARRA,Ingeniería en Sistemas Computacionales,17 DE JUNIO DE 2018 AL 14 DE DICIEMBRE DE 2018
C16301737,MOMCHIL,BAULO,FIGUEIRO,Licenciatura en Administración,6 DE AGOSTO DE 2011 AL 2 DE FEBRERO DE 2012
C11304296,INES NIEVES,REBORIDO,GRIMALDO,Ingeniería en Sistemas Computacionales,17 DE OCTUBRE DE 2022 AL 15 DE ABRIL DE 2023
00305489,ROBERT GRAHAM,THORPE,LLABATA,Ingeniería en Electrónica,17 DE SEPTIEMBRE DE 1992 AL 16 DE MARZO DE 1993
C94300485,VALVANERA,BEJARANO,GARCIA LAJARA,Licenciatura en Administración,14 DE SEPTIEMBRE DE 2013 AL 13 DE MARZO DE 2014
84308377,EDELTRAUD,KEMP,MECIAS,Ingeniería en Sistemas Computacionales,11 DE ENERO DE 1990 AL 10 DE JULIO DE 1990
C19304852,LAURA AMALIA,FREAZA,VALLCANERAS,Licenciatura en Contaduría,10 DE JULIO DE 1975 AL 6 DE ENERO DE 1976
C93308356,MARIA YAMILE,MAZO,MALDE,Ingeniería Industrial,14 DE AGOSTO DE 1975 AL 10 DE FEBRERO DE 1976
C25306404,THOMAS JOSEPH,PINALES,QUEIPO,Ingeniería Industrial,10 DE DICIEMBRE DE 1987 AL 7 DE JUNIO DE 1988
C95306950,ANGEL AVELINO,CORCHETE,PIEDRAFITA,Licenciatura en Contaduría,5 DE SEPTIEMBRE DE 1988 AL 4 DE MARZO DE 1989
99302419,MOHAMED ADIL,PALLISER,OLLES,Ingeniería Industrial,15 DE MAYO DE 2002 AL 11 DE NOVIEMBRE DE 2002
C25306002,IGNACIO NICOLAS,EGURROLA,MATAS,Ingeniería en Electrónica,8 DE FEBRERO DE 1976 AL 6 DE AGOSTO DE 1976
C09306943,JOSE GABINO,CUCALA,ESPINA,Ingeniería en Sistemas Computacionales,15 DE JUNIO DE 2004 AL 12 DE DICIEMBRE DE 2004
98307840,PERPETUA,BRANDAO,DE ANTONIO,Ingeniería Industrial,28 DE AGOSTO DE 2003 AL 24 DE FEBRERO DE 2004
15302148,CELIANO,REIRIZ,SANCHEZ HERMOSILLA,Ingeniería en Electrónica,19 DE ABRIL DE 1975 AL 16 DE OCTUBRE DE 1975
C79306029,GABRIELA ISABEL,TORESANO,BERGARA,Licenciatura en Administración,4 DE DICIEMBRE DE 2014 AL 2 DE JUNIO DE 2015
98306885,JAMES STEPHEN,CARPES,VINAIXA,Licenciatura en Contaduría,16 DE JUNIO DE 2024 AL 13 DE DICIEMBRE DE 2024
07303183,SARWAN,BUESO,SALIM,Ingeniería en Electrónica,9 DE ENERO DE 2004 AL 7 DE JULIO DE 2004
C07300521,GABRIELA ELIZABETH,BONIS,RENOVALES,Licenciatura en Administración,6 DE SEPTIEMBRE DE 1999 AL 4 DE MARZO DE 2000
C03301743,VERONICA VANESSA,KRAVCHUK,OLAZAR,Ingeniería en Sistemas Computacionales,6 DE MARZO DE 1985 AL 2 DE SEPTIEMBRE DE 1985
C04304855,JULIAN AGUSTIN,LYON,SENHAJI,Licenciatura en Contaduría,9 DE ENERO DE 2013 AL 8 DE JULIO DE 2013
C10302586,CARMEN VANESA,ABDERRAHMAN,MUSCALU,Ingeniería en Sistemas Computacionales,2 DE JUNIO DE 1988 AL 29 DE NOVIEMBRE DE 1988
C04302488,LUZ ESMERALDA,GORINA,SALIM,Ingeniería en Electrónica,4 DE SEPTIEMBRE DE 2018 AL 3 DE MARZO DE 2019
20301096,SAMAH,MERLAN,GAÑETE,Ingeniería en Sistemas Computacionales,4 DE NOVIEMBRE DE 2020 AL 3 DE MAYO DE 2021
89306391,MARIA NOHEMY,MATTOS,DEL MONTE,Licenciatura en Contaduría,2 DE OCTUBRE DE 2005 AL 31 DE MARZO DE 2006
77304051,LUCINIA,TROFIN,OURO,Licenciatura en Administración,15 DE AGOSTO DE 1990 AL 11 DE FEBRERO DE 1991
C21308836,SERGIY,ZAIT,CHARNECO,Ingeniería en Sistemas Computacionales,10 DE AGOSTO DE 2011 AL 6 DE FEBRERO DE 2012
C75303223,MAXIMO ALBERTO,VIGUIN,CEBAS,Ingeniería en Sistemas Computacionales,15 DE ABRIL DE 2025 AL 12 DE OCTUBRE DE 2025
C77302325,YRENE,BARRERES,PEIRO,Ingeniería Industrial,22 DE OCTUBRE DE 2009 AL 20 DE ABRIL DE 2010
85308065,LILIANA MARIBEL,HAMIDO,BERCIANO,Ingeniería en Electrónica,24 DE FEBRERO DE 2021 AL 23 DE AGOSTO DE 2021
07309029,ALVINO,CIDRE,BAGHDADI,Licenciatura en Contaduría,24 DE NOVIEMBRE DE 2017 AL 23 DE MAYO DE 2018
79309126,OSCAR MARTIN,PRO,VASILE,Ingeniería en Sistemas Computacionales,16 DE JULIO DE 2012 AL 12 DE ENERO DE 2013
03304536,ZUBAIR,AOMAR,ARACIL,Ingeniería en Sistemas Computacionales,30 DE MAYO DE 2000 AL 26 DE NOVIEMBRE DE 2000
C11302195,PACITA,ISERN,SANGRA,Ingeniería en Sistemas Computacionales,25 DE MARZO DE 2022 AL 21 DE SEPTIEMBRE DE 2022
22304897,ALEKSANDAR,CERROLAZA,MARTINEZ DE AGUIRRE,Licenciatura en Administración,10 DE ABRIL DE 1987 AL 7 DE OCTUBRE DE 1987
21304086,CRISTIAN MARCEL,AGRA,BENDER,Ingeniería Industrial,27 DE MAYO DE 1976 AL 23 DE NOVIEMBRE DE 1976
C76305939,VANESA ISABEL,APODACA,GUTIERREZ RAVE,Ingeniería en Electrónica,5 DE OCTUBRE DE 1996 AL 3 DE ABRIL DE 1997
89308578,ZULAIMA,LLONGUERAS,MIFSUT,Ingeniería en Electrónica,23 DE JULIO DE 2007 AL 19 DE ENERO DE 2008
C03305436,VASCO,MANSSOURI,MONTABES,Ingeniería en Electrónica,2 DE OCTUBRE DE 1989 AL 31 DE MARZO DE 1990
C06300298,ANDRES AGUSTIN,RAMONEDA,RACERO,Licenciatura en Administración,23 DE DICIEMBRE DE 1984 AL 21 DE JUNIO DE 1985
99304114,WALTER HUGO,GANZO,LABORIA,Ingeniería en Sistemas Computacionales,5 DE MAYO DE 1985 AL 1 DE NOVIEMBRE DE 1985
C22304055,CRISOGONO,VILLARINO,MANDIOLA,Ingeniería en Electrónica,14 DE JULIO DE 2013 AL 10 DE ENERO DE 2014
C86305283,MARIA YESICA,ALHASSAN,ARIZON,Licenciatura en Administración,5 DE OCTUBRE DE 1996 AL 3 DE ABRIL DE 1997
74309524,ANTONIO CELSO,RIADIGOS,ROZA,Ingeniería en Electrónica,1 DE JUNIO DE 1990 AL 28 DE NOVIEMBRE DE 1990
C98302339,EL KHAMIS,BEN ABDELLAH,GARDON,Ingeniería en Electrónica,9 DE OCTUBRE DE 2016 AL 7 DE ABRIL DE 2017
98309146,LAHSEN,MIGUELEZ,RIEGO,Ingeniería en Sistemas Computacionales,3 DE MARZO DE 1992 AL 30 DE AGOSTO DE 1992
82307493,OVIDIU DANIEL,CEA,MENGOD,Ingeniería en Sistemas Computacionales,23 DE ABRIL DE 1992 AL 20 DE OCTUBRE DE 1992
88308570,MARGARITA CATALINA,HERNAZ,ELIAS,Licenciatura en Contaduría,29 DE MAYO DE 2013 AL 25 DE NOVIEMBRE DE 2013
97307872,ALINA MIRABELA,CHASI,MORRAJA,Ingeniería en Sistemas Computacionales,18 DE SEPTIEMBRE DE 1976 AL 17 DE MARZO DE 1977
11300884,CRISTIAN JULIAN,PARLADE,AZURZA,Licenciatura en Administración,26 DE SEPTIEMBRE DE 1983 AL 24 DE MARZO DE 1984
C15308506,ANTONELLA,ANSINO,ORENGA,Ingeniería Industrial,1 DE ENERO DE 1985 AL 30 DE JUNIO DE 1985
13306774,NELUTU,CANTI,PRISCO,Licenciatura en Contaduría,1 DE MAYO DE 2001 AL 28 DE OCTUBRE DE 2001
09301899,SVYATOSLAV,BARBACIL,MAYE,Licenciatura en Contaduría,16 DE MAYO DE 2018 AL 12 DE NOVIEMBRE DE 2018
C20300466,PETER ROY,OCA,RUMEU,Ingeniería en Electrónica,7 DE FEBRERO DE 2017 AL 6 DE AGOSTO DE 2017
81302392,ADELA ANGELES,SALVATIERRA,VALGAÑON,Ingeniería en Sistemas Computacionales,21 DE DICIEMBRE DE 1996 AL 19 DE JUNIO DE 1997
C89306588,NIEVES GLORIA,CAMPOLLO,REQUENO,Ingeniería en Electrónica,25 DE ENERO DE 1979 AL 24 DE JULIO DE 1979
C00301306,KAHINA,MOUHIB,CHELLAF,Licenciatura en Administración,8 DE MAYO DE 2006 AL 4 DE NOVIEMBRE DE 2006
C85306479,MARIA CANDIDA,TORNEL,ARDAO,Ingeniería en Electrónica,27 DE JUNIO DE 1996 AL 24 DE DICIEMBRE DE 1996
C74308100,ALEJANDRA CLAUDIA,BOTIAS,ARGILAGA,Licenciatura en Contaduría,6 DE JUNIO DE 1989 AL 3 DE DICIEMBRE DE 1989
08301346,ELINOR,ORDEIG,SACRAMENTO,Licenciatura en Contaduría,24 DE DICIEMBRE DE 2014 AL 22 DE JUNIO DE 2015
C22301312,BEATRIZ ARACELI,SESA,FOJON,Licenciatura en Administración,7 DE FEBRERO DE 1989 AL 6 DE AGOSTO DE 1989
C08303031,CORAIMA MARIA,FOLGUEIRA,CHAMBO,Ingeniería en Sistemas Computacionales,6 DE MARZO DE 1993 AL 2 DE SEPTIEMBRE DE 1993
C76301542,ANDRADA ELENA,VELARDO,IZURIETA,Licenciatura en Contaduría,31 DE MAYO DE 2000 AL 27 DE NOVIEMBRE DE 2000
C97305134,KNUT,ESTUPIÑAN,MUÑOA,Licenciatura en Administración,24 DE AGOSTO DE 1974 AL 20 DE FEBRERO DE 1975
C25307496,OLEKSANDRA,CORZON,EL AOUAD,Ingeniería en Sistemas Computacionales,7 DE JUNIO DE 2004 AL 4 DE DICIEMBRE DE 2004
84302074,MARIA ESTRELLA,BELLAS,ESTARELLES,Licenciatura en Administración,24 DE JUNIO DE 2015 AL 21 DE DICIEMBRE DE 2015
08301853,BLADIMIR,KRIM,LOPEZ DE LA REINA,Licenciatura en Contaduría,1 DE FEBRERO DE 2014 AL 31 DE JULIO DE 2014
82301048,PABLO ERNESTO,POZON,CASEY,Ingeniería en Sistemas Computacionales,1 DE ABRIL DE 2011 AL 28 DE SEPTIEMBRE DE 2011
C19305911,AIXA MARIA,PETRUS,MEIZOSO,Ingeniería en Sistemas Computacionales,18 DE ENERO DE 1988 AL 16 DE JULIO DE 1988
C94300044,EDWIN ALFREDO,MURGA,ELGUEZABAL,Ingeniería en Electrónica,15 DE SEPTIEMBRE DE 1980 AL 14 DE MARZO DE 1981
21305145,YULIIA,BRUNAT,BENNASAR,Ingeniería en Electrónica,15 DE NOVIEMBRE DE 1974 AL 14 DE MAYO DE 1975
21305175,ELENA LEONOR,ROWLAND,RAMZI,Licenciatura en Contaduría,12 DE AGOSTO DE 2021 AL 8 DE FEBRERO DE 2022
C88304894,ESPERANZA ROSA,ARIZALA,GRANDAS,Licenciatura en Contaduría,13 DE NOVIEMBRE DE 2012 AL 12 DE MAYO DE 2013
C21304428,TEONILA,BORAO,ARGUMANEZ,Ingeniería en Sistemas Computacionales,16 DE OCTUBRE DE 2012 AL 14 DE ABRIL DE 2013
16308993,JABRAN,ISIDORO,SAOU,Licenciatura en Contaduría,4 DE OCTUBRE DE 1981 AL 2 DE ABRIL DE 1982
95301619,MARIA ROSANA,SUITA,DA FONSECA,Licenciatura en Contaduría,13 DE DICIEMBRE DE 2009 AL 11 DE JUNIO DE 2010
C25309285,WALTER LUIS,PRERA,CAROS,Ingeniería Industrial,30 DE MARZO DE 2006 AL 26 DE SEPTIEMBRE DE 2006
22304709,COSTEL CATALIN,AMARIEI,OYONO,Ingeniería en Electrónica,20 DE MAYO DE 2005 AL 16 DE NOVIEMBRE DE 2005
05303080,IACOV,ESTALELLA,TUTU,Ingeniería en Electrónica,15 DE SEPTIEMBRE DE 1983 AL 13 DE MARZO DE 1984
00307846,DIANA GRACIELA,GONDA,DOBAÑO,Ingeniería en Electrónica,22 DE FEBRERO DE 2016 AL 20 DE AGOSTO DE 2016
85303159,DJILALI,EL KHARROUBI,DOMEQUE,Licenciatura en Administración,14 DE OCTUBRE DE 2013 AL 12 DE ABRIL DE 2014
81303736,PAMELA,OLAETXEA,PASQUAL,Ingeniería en Electrónica,24 DE AGOSTO DE 1986 AL 20 DE FEBRERO DE 1987
96307978,PAVLINA,CONTAMINA,ALCOCER,Licenciatura en Administración,20 DE SEPTIEMBRE DE 2019 AL 18 DE MARZO DE 2020
C77302447,SARA JANE,FOSSATI,CALVETE,Licenciatura en Contaduría,24 DE DICIEMBRE DE 1997 AL 22 DE JUNIO DE 1998
20308527,ELIZABETH JANE,COSCOLIN,NICULITA,Ingeniería en Sistemas Computacionales,23 DE MAYO DE 1975 AL 19 DE NOVIEMBRE DE 1975
07307493,DIAMANTINO,SOENGAS,LEANDRO,Ingeniería Industrial,2 DE DICIEMBRE DE 1999 AL 30 DE MAYO DE 2000
C09304232,AIXA MARIA,SATORRE,VILAGRASA,Ingeniería en Electrónica,6 DE ABRIL DE 1977 AL 3 DE OCTUBRE DE 1977
C00306351,LUCIANA BELEN,PEREIRA,CHAVEZ,Ingeniería Industrial,26 DE MAYO DE 1996 AL 22 DE NOVIEMBRE DE 1996
00306743,ANDREEA GEORGIANA,ZAPIRAIN,ALLEN,Ingeniería en Electrónica,13 DE AGOSTO DE 2015 AL 9 DE FEBRERO DE 2016
C10309653,IVAN AUGUSTO,SANKAREH,UYA,Ingeniería Industrial,22 DE SEPTIEMBRE DE 2015 AL 20 DE MARZO DE 2016
09307039,ABSELAM,LEDESMA,PORTELL,Licenciatura en Administración,19 DE JUNIO DE 2013 AL 16 DE DICIEMBRE DE 2013
98308135,GIANPAOLO,FRAGUAS,LAMBEA,Ingeniería Industrial,1 DE FEBRERO DE 1983 AL 31 DE JULIO DE 1983
C15303088,RAMON OCTAVIO,LAGUIA,SERRANOS,Licenciatura en Contaduría,18 DE ENERO DE 2016 AL 16 DE JULIO DE 2016
79306249,OSMUNDO,VALLEZ,GRAMUNT,Ingeniería en Electrónica,15 DE ABRIL DE 2014 AL 12 DE OCTUBRE DE 2014
95309633,PEDRO EMILIANO,FRANCIS,CAPETILLO,Licenciatura en Administración,17 DE OCTUBRE DE 1988 AL 15 DE ABRIL DE 1989
13308566,MARIA AMOR,ARRIAGA,LEFTER,Ingeniería en Electrónica,11 DE ABRIL DE 1995 AL 8 DE OCTUBRE DE 1995
C21306170,XOSE MANUEL,GESTI,IORDACHE,Licenciatura en Administración,29 DE MARZO DE 2006 AL 25 DE SEPTIEMBRE DE 2006
C24309190,YENEVA,CASTELL,ACHIAGA,Ingeniería Industrial,30 DE AGOSTO DE 2003 AL 26 DE FEBRERO DE 2004
91300480,ADELAIDA MARIA,PERRUCA,FOPIANI,Licenciatura en Administración,14 DE FEBRERO DE 2004 AL 12 DE AGOSTO DE 2004
18305866,PEDRO MARIA,SANABRE,RUDILLA,Licenciatura en Contaduría,24 DE DICIEMBRE DE 1995 AL 21 DE JUNIO DE 1996
C18303685,BEATRIZ YOLANDA,ESTOPIÑA,BUEZO,Ingeniería en Electrónica,28 DE MARZO DE 2001 AL 24 DE SEPTIEMBRE DE 2001
83303739,SUNDAY,ABOAL,FELPETO,Licenciatura en Contaduría,30 DE ENERO DE 2022 AL 29 DE JULIO DE 2022
C11301661,PETER ANTHONY,ITURRASPE,TIELAS,Ingeniería en Electrónica,31 DE MARZO DE 1984 AL 27 DE SEPTIEMBRE DE 1984
C17306022,MARTA ROCIO,TERROSO,SANTACREU,Ingeniería en Sistemas Computacionales,22 DE SEPTIEMBRE DE 1992 AL 21 DE MARZO DE 1993
04304994,ANDREEA VALENTINA,MALTAS,BELTRAN DE HEREDIA,Ingeniería en Electrónica,26 DE AGOSTO DE 1984 AL 22 DE FEBRERO DE 1985
C25300691,TERENCE ARTHUR,BALOGH,GARCIA OCHOA,Ingeniería en Sistemas Computacionales,7 DE JUNIO DE 1975 AL 4 DE DICIEMBRE DE 1975
84303070,RAUL DARIO,ANGUITA,LICERAN,Ingeniería Industrial,2 DE DICIEMBRE DE 1992 AL 31 DE MAYO DE 1993
98303151,ADRIAN SEBASTIAN,KOCH,PANTRIGO,Ingeniería en Electrónica,4 DE SEPTIEMBRE DE 1986 AL 3 DE MARZO DE 1987
98309234,MARTA LILIANA,OCHAGAVIA,HILARIO,Ingeniería Industrial,22 DE AGOSTO DE 2012 AL 18 DE FEBRERO DE 2013
75303882,JON JOSEBA,BARBERENA,CARRA,Ingeniería en Electrónica,20 DE DICIEMBRE DE 2008 AL 18 DE JUNIO DE 2009
22307788,UBALDO ANTONIO,ALBIZUA,MOLINET,Licenciatura en Contaduría,12 DE SEPTIEMBRE DE 2007 AL 10 DE MARZO DE 2008
C94307833,RENE ANTONIO,SUANCES,SALOMO,Ingeniería Industrial,29 DE JULIO DE 2024 AL 25 DE ENERO DE 2025
C93304078,MARIANO JULIAN,ARRATIA,DAVISON,Ingeniería en Sistemas Computacionales,7 DE JUNIO DE 1991 AL 4 DE DICIEMBRE DE 1991
C77309121,JAVIER FERNANDO,ZIYANI,ESEVERRI,Licenciatura en Administración,20 DE JUNIO DE 1981 AL 17 DE DICIEMBRE DE 1981
C89300303,CARMEN PASTORA,AFIF,QIU,Ingeniería en Sistemas Computacionales,26 DE OCTUBRE DE 1987 AL 23 DE ABRIL DE 1988
13306800,ISHAC,ACEVEDO,TUDORAN,Licenciatura en Administración,14 DE AGOSTO DE 2002 AL 10 DE FEBRERO DE 2003
C01301582,LUCIA ANGELES,PADERNE,QUICENO,Ingeniería en Electrónica,8 DE ENERO DE 2007 AL 7 DE JULIO DE 2007
C06306557,FIDEL ALBERTO,BUXO,BRANDI,Ingeniería en Sistemas Computacionales,5 DE NOVIEMBRE DE 1999 AL 3 DE MAYO DE 2000
13309733,ANCA CRISTINA,PEROGIL,PALMIER,Licenciatura en Administración,9 DE AGOSTO DE 2006 AL 5 DE FEBRERO DE 2007
C77301410,SARJO,VESELINOVA,VIDAURRAZAGA,Ingeniería en Sistemas Computacionales,22 DE JULIO DE 2022 AL 18 DE ENERO DE 2023
01304786,IÑIGO LOYOLA,FARINANGO,PADERNE,Licenciatura en Administración,30 DE AGOSTO DE 2020 AL 26 DE FEBRERO DE 2021
05303398,GEORGIANA BIANCA,BRIA,ESTAÑOL,Ingeniería en Electrónica,7 DE FEBRERO DE 1993 AL 6 DE AGOSTO DE 1993
92306107,ELENA VIOLETA,PAUL,USURELU,Ingeniería Industrial,25 DE ENERO DE 2005 AL 24 DE JULIO DE 2005
15307897,IÑIGO XABIER,NARVAEZ,ABUCHA,Ingeniería en Sistemas Computacionales,7 DE MARZO DE 1998 AL 3 DE SEPTIEMBRE DE 1998
90309671,ELISA MARIA,TAZO,PORTUGUES,Ingeniería en Sistemas Computacionales,22 DE OCTUBRE DE 1986 AL 20 DE ABRIL DE 1987
C87305510,DANIEL ARMANDO,AGUJETAS,FORMENTI,Licenciatura en Administración,19 DE DICIEMBRE DE 2017 AL 17 DE JUNIO DE 2018
90302642,BRAN,LAM,FERRERO,Licenciatura en Contaduría,7 DE MARZO DE 2009 AL 3 DE SEPTIEMBRE DE 2009
C15300407,FREDDY DAVID,LUCUMI,LOBILLO,Ingeniería en Sistemas Computacionales,25 DE ENERO DE 2024 AL 23 DE JULIO DE 2024
92304814,ELENA VICENTA,PARADELA,PARR,Ingeniería en Electrónica,25 DE ABRIL DE 2013 AL 22 DE OCTUBRE DE 2013
17301429,DORA CARMEN,BASUALDO,BASSE,Ingeniería en Sistemas Computacionales,3 DE FEBRERO DE 1980 AL 1 DE AGOSTO DE 1980
88309512,JABIR,ZHONG,BESALDUCH,Ingeniería en Electrónica,27 DE FEBRERO DE 2007 AL 26 DE AGOSTO DE 2007
84302415,CRISTINA ANGEL,MOCHOLI,COLLANTE,Licenciatura en Contaduría,13 DE DICIEMBRE DE 2010 AL 11 DE JUNIO DE 2011
C12304202,CARLOS MIGUEL,JULVE,YUGO,Licenciatura en Administración,23 DE DICIEMBRE DE 2017 AL 21 DE JUNIO DE 2018
76306621,FUENSANTA PILAR,MILCHEV,ALGUERO,Ingeniería en Electrónica,20 DE JUNIO DE 2024 AL 17 DE DICIEMBRE DE 2024
84303069,HUMBERTO ALEJANDRO,SAMPEDRO,COSTACHE,Ingeniería en Sistemas Computacionales,7 DE FEBRERO DE 1995 AL 6 DE AGOSTO DE 1995
03301910,MARIANA SILVIA,ESCORIAL,ACHAERANDIO,Ingeniería en Electrónica,14 DE OCTUBRE DE 2000 AL 12 DE ABRIL DE 2001
C80305596,RARES MIHAI,CHAMBI,DE PINTO,Licenciatura en Administración,2 DE NOVIEMBRE DE 1977 AL 1 DE MAYO DE 1978
C14306705,ROSEND,LINDO,DE LA ROSA,Licenciatura en Administración,28 DE JULIO DE 2018 AL 24 DE ENERO DE 2019
C15303783,LUIS ROMAN,BISPO,CORMAN,Ingeniería Industrial,23 DE NOVIEMBRE DE 2023 AL 21 DE MAYO DE 2024
C04301089,HAZEL MARY,TAMAMES,QUINTAIROS,Licenciatura en Contaduría,28 DE NOVIEMBRE DE 1983 AL 26 DE MAYO DE 1984
89307370,LETICIA PINO,SAGHIR,VIADE,Ingeniería Industrial,5 DE JULIO DE 1992 AL 1 DE ENERO DE 1993
C83300907,OVIDIO JOSE,AYAT,CALCINES,Ingeniería en Electrónica,24 DE AGOSTO DE 1985 AL 20 DE FEBRERO DE 1986
C21301430,ALCAZAR,CABIELLES,AHROUCH,Licenciatura en Contaduría,2 DE MAYO DE 2011 AL 29 DE OCTUBRE DE 2011
C89305919,ELISA JULIA,COLUME,NAVALON,Ingeniería en Sistemas Computacionales,29 DE JULIO DE 2009 AL 25 DE ENERO DE 2010
21300315,DIANA MARLENE,GRIFELL,CASTILLERO,Ingeniería en Electrónica,19 DE SEPTIEMBRE DE 1989 AL 18 DE MARZO DE 1990
C75305902,SEGUNDO SANTIAGO,ROSICH,ZAERA,Ingeniería en Electrónica,31 DE AGOSTO DE 1975 AL 27 DE FEBRERO DE 1976
C10307269,CAIHUA,CAMAÑES,LARBURU,Licenciatura en Administración,29 DE JULIO DE 2009 AL 25 DE ENERO DE 2010
C03305416,EGUZKI,BARNADAS,SANTAMARIA,Ingeniería Industrial,12 DE JULIO DE 2001 AL 8 DE ENERO DE 2002
08302536,EMILIA MARIA,CAMBRAY,IMPERIAL,Ingeniería en Electrónica,7 DE MAYO DE 1994 AL 3 DE NOVIEMBRE DE 1994
C79304664,ROBERTO MARCOS,ALABARCE,EL YOUSFI,Licenciatura en Contaduría,28 DE ABRIL DE 2002 AL 25 DE OCTUBRE DE 2002
C87302690,YISEL,ESPASES,EL KHADIRI,Licenciatura en Administración,19 DE ENERO DE 2005 AL 18 DE JULIO DE 2005
C97305376,SERGIO CARMELO,HIGUERUELO,DAOUDI,Licenciatura en Administración,12 DE ABRIL DE 2016 AL 9 DE OCTUBRE DE 2016
C85307149,JINPING,PASCASIO,CUERNO,Ingeniería Industrial,13 DE FEBRERO DE 2006 AL 12 DE AGOSTO DE 2006
C02305158,ANGEL ARSENIO,ARREGI,MONCUNILL,Licenciatura en Contaduría,10 DE ABRIL DE 2015 AL 7 DE OCTUBRE DE 2015
12309522,INMANOL,CALZAS,CRISPI,Licenciatura en Administración,3 DE NOVIEMBRE DE 2005 AL 2 DE MAYO DE 2006
C84307793,MIQUEL ANTONI,BUSTINZA,DIZ,Ingeniería en Sistemas Computacionales,5 DE DICIEMBRE DE 1984 AL 3 DE JUNIO DE 1985
06302980,ERICK JESUS,PALMER,RENERO,Licenciatura en Contaduría,15 DE DICIEMBRE DE 2021 AL 13 DE JUNIO DE 2022
C00304533,RAMON GREGORIO,SOBREVIA,BALADA,Licenciatura en Contaduría,2 DE DICIEMBRE DE 1989 AL 31 DE MAYO DE 1990
C24308890,MALIN,MEMBRILLO,CARDABA,Ingeniería en Sistemas Computacionales,3 DE SEPTIEMBRE DE 2010 AL 2 DE MARZO DE 2011
96305116,LAGHDAF,BERNALTE,CIRBIAN,Licenciatura en Administración,11 DE AGOSTO DE 2023 AL 7 DE FEBRERO DE 2024
C05307317,PILAR DOLORES,FRAILE,ACED,Licenciatura en Administración,25 DE JULIO DE 1980 AL 21 DE ENERO DE 1981
15302015,RAMY,ALCOLEA,AMETLLER,Licenciatura en Administración,7 DE ABRIL DE 1992 AL 4 DE OCTUBRE DE 1992
C88300538,VLADIMIR IVANOV,SALICIO,BAGARIA,Ingeniería en Electrónica,8 DE MAYO DE 2025 AL 4 DE NOVIEMBRE DE 2025
C15308889,MARIA ALBERTINA,MARLES,CORADA,Licenciatura en Contaduría,18 DE ABRIL DE 2011 AL 15 DE OCTUBRE DE 2011
C96303706,PETRO,NEGREIRA,MAESTRA,Licenciatura en Contaduría,21 DE DICIEMBRE DE 2019 AL 18 DE JUNIO DE 2020
C87303653,VICENT JOAN,SARRAMIAN,OJEDA,Ingeniería en Electrónica,2 DE JUNIO DE 2003 AL 29 DE NOVIEMBRE DE 2003
C04300539,NESTOR ENRIQUE,TORCAL,MANRIQUE DE LARA,Ingeniería en Electrónica,23 DE OCTUBRE DE 2017 AL 21 DE ABRIL DE 2018
74306816,JOHAN ALEXANDER,DE LA CUESTA,URRUTIA,Ingeniería en Electrónica,2 DE JUNIO DE 2003 AL 29 DE NOVIEMBRE DE 2003
83301965,MARIA MARISA,COLOMINO,BENDRISS,Ingeniería en Sistemas Computacionales,21 DE SEPTIEMBRE DE 2018 AL 20 DE MARZO DE 2019
76301649,ZSOLT,ARDILA,ACHOUR,Ingeniería Industrial,29 DE DICIEMBRE DE 1987 AL 26 DE JUNIO DE 1988
08308044,CARLA ELENA,AIRAS,MORELLO,Ingeniería en Electrónica,26 DE MAYO DE 1986 AL 22 DE NOVIEMBRE DE 1986
17302314,PABLO ADOLFO,MUMBRU,ELORZ,Ingeniería en Sistemas Computacionales,17 DE ABRIL DE 1986 AL 14 DE OCTUBRE DE 1986
C86303679,ALAN DOUGLAS,CERCEDA,MANZANERA,Ingeniería en Electrónica,13 DE SEPTIEMBRE DE 1985 AL 12 DE MARZO DE 1986
C77306689,ISORA,CURA,TREGON,Licenciatura en Contaduría,5 DE MAYO DE 2022 AL 1 DE NOVIEMBRE DE 2022
C74308471,MARIA SETEFILLA,AHUFINGER,BUMEDIEN,Licenciatura en Contaduría,9 DE OCTUBRE DE 2008 AL 7 DE ABRIL DE 2009
15306619,VITORIO,TERRAZAS,PEDREGAL,Ingeniería en Electrónica,8 DE SEPTIEMBRE DE 1994 AL 7 DE MARZO DE 1995
81308080,JEAN CLAUDE,ORQUIN,ZUAZUA,Licenciatura en Contaduría,13 DE JUNIO DE 1982 AL 10 DE DICIEMBRE DE 1982
C89301613,TEODORO LUIS,MARZOK,MATIAS,Licenciatura en Contaduría,3 DE NOVIEMBRE DE 1996 AL 2 DE MAYO DE 1997
C89302028,MARIA DENIS,PEGUERO,ELIO,Licenciatura en Contaduría,4 DE DICIEMBRE DE 2019 AL 1 DE JUNIO DE 2020
02308694,LUIS RENE,GUINDEL,OYARZABAL,Ingeniería Industrial,11 DE ABRIL DE 1985 AL 8 DE OCTUBRE DE 1985
78309819,MONICA JOSEFINA,CARBELO,BERJA,Ingeniería Industrial,27 DE ABRIL DE 2015 AL 24 DE OCTUBRE DE 2015
75303708,NIKOLAY YORDANOV,TRONCOSO,SANKAREH,Licenciatura en Administración,15 DE AGOSTO DE 1982 AL 11 DE FEBRERO DE 1983
C76302815,AMETS,ARBULU,STOIA,Licenciatura en Contaduría,7 DE JUNIO DE 2003 AL 4 DE DICIEMBRE DE 2003
C86304727,JULIO RAMON,JUCAN,CHAVES,Licenciatura en Contaduría,25 DE JUNIO DE 2000 AL 22 DE DICIEMBRE DE 2000
24307517,RABIAA,ZOUHRI,LONCAN,Ingeniería en Electrónica,30 DE MAYO DE 2019 AL 26 DE NOVIEMBRE DE 2019
C00304296,IRMA BEATRIZ,CALDERON DE LA BARCA,FAJARNES,Ingeniería Industrial,23 DE ABRIL DE 1995 AL 20 DE OCTUBRE DE 1995
C89307695,MARTA DOLORES,IBARGUREN,CHAMBERLAIN,Ingeniería en Sistemas Computacionales,28 DE MAYO DE 2002 AL 24 DE NOVIEMBRE DE 2002
C81304213,PHILIP JOHN,CERROS,NAHARRO,Licenciatura en Contaduría,10 DE SEPTIEMBRE DE 2022 AL 9 DE MARZO DE 2023
01302749,WENDY PAOLA,SOLSONA,BEDMAR,Licenciatura en Contaduría,14 DE FEBRERO DE 2015 AL 13 DE AGOSTO DE 2015
C13300411,ALBARINA,VICIEDO,LA O,Ingeniería Industrial,8 DE NOVIEMBRE DE 1990 AL 7 DE MAYO DE 1991
C88304329,JIAYU,GUAMAN,BLANQUEZ,Licenciatura en Contaduría,29 DE SEPTIEMBRE DE 1997 AL 28 DE MARZO DE 1998
C74306181,NELLY BEATRIZ,MASACHS,OLAIZ,Ingeniería en Electrónica,30 DE AGOSTO DE 1996 AL 26 DE FEBRERO DE 1997
C85309802,RASTISLAV,ARENZANA,DE BARRIO,Ingeniería Industrial,8 DE AGOSTO DE 2004 AL 4 DE FEBRERO DE 2005
12306519,JOSE ADAY,CASES,PIÑEIRA,Ingeniería en Electrónica,1 DE OCTUBRE DE 1990 AL 30 DE MARZO DE 1991
C84302095,OSMANY,RECLUSA,VALDEZATE,Ingeniería Industrial,4 DE ABRIL DE 2004 AL 1 DE OCTUBRE DE 2004
78304906,MARIA ANN,CALL,CONSTANS,Licenciatura en Contaduría,17 DE SEPTIEMBRE DE 1982 AL 16 DE MARZO DE 1983
78300169,HECTOR MARIA,DULCE,YELMO,Ingeniería en Sistemas Computacionales,10 DE ABRIL DE 2000 AL 7 DE OCTUBRE DE 2000
92302925,ESTEBAN DOMINGO,CIRIANO,TOBIA,Licenciatura en Administración,31 DE OCTUBRE DE 2001 AL 29 DE ABRIL DE 2002
C96302270,MARIA FABIANA,AYNES,ENCINA,Ingeniería en Electrónica,9 DE FEBRERO DE 2021 AL 8 DE AGOSTO DE 2021
96306806,RUBEN OSCAR,PAMO,MONCO,Licenciatura en Administración,19 DE AGOSTO DE 2006 AL 15 DE FEBRERO DE 2007
84300102,KHEDIDJA,CASQUET,ECHAURI,Ingeniería en Electrónica,14 DE JULIO DE 2009 AL 10 DE ENERO DE 2010
C94309758,BEATA EWA,VIAS,SANTIESTEBAN,Ingeniería Industrial,12 DE JULIO DE 2012 AL 8 DE ENERO DE 2013
20304661,MARIA DORES,VALDERICEDA,MEZQUIRIZ,Ingeniería en Sistemas Computacionales,12 DE FEBRERO DE 1996 AL 10 DE AGOSTO DE 1996
93301908,ANDREA LOUISE,GARCIA CONDE,DIAZ BENITO,Ingeniería en Sistemas Computacionales,16 DE JULIO DE 1978 AL 12 DE ENERO DE 1979
11302034,RICART,FERREL,VILLARROYA,Ingeniería Industrial,31 DE OCTUBRE DE 1980 AL 29 DE ABRIL DE 1981
C89301749,MARIO OSVALDO,CATON,ELGUEZABAL,Ingeniería Industrial,19 DE OCTUBRE DE 2004 AL 17 DE ABRIL DE 2005
03303406,ABDELKHALEQ,HAYA,ORTUÑO,Licenciatura en Administración,13 DE SEPTIEMBRE DE 1984 AL 12 DE MARZO DE 1985
C99303748,XIUJUAN,GABIAN,ABUIN,Ingeniería en Electrónica,25 DE JULIO DE 1987 AL 21 DE ENERO DE 1988
C08307521,MATHIS,VALMASEDA,CACHAN,Ingeniería en Electrónica,11 DE SEPTIEMBRE DE 1996 AL 10 DE MARZO DE 1997
11302739,PILAR YOLANDA,POMBERO,LIZONDO,Ingeniería Industrial,1 DE AGOSTO DE 1978 AL 28 DE ENERO DE 1979
C80304705,SHARAI,COSTAN,PERARNAU,Licenciatura en Administración,8 DE MAYO DE 1996 AL 4 DE NOVIEMBRE DE 1996
07303074,CALOGERO,GIMENA,HUELTES,Licenciatura en Administración,3 DE DICIEMBRE DE 2020 AL 1 DE JUNIO DE 2021
C81300900,MARIUS CATALIN,DE LA OBRA,FENOLL,Licenciatura en Contaduría,31 DE JULIO DE 1997 AL 27 DE ENERO DE 1998
C20301699,XIAOLEI,CONGOSTO,PORLAN,Ingeniería en Sistemas Computacionales,10 DE ENERO DE 2019 AL 9 DE JULIO DE 2019
11305488,OSMANY,SARSANEDAS,MARTINEZ DE LA PERA,Ingeniería en Sistemas Computacionales,27 DE SEPTIEMBRE DE 2008 AL 26 DE MARZO DE 2009
C82305925,JOAN MIQUEL,QUEIRUGA,RAIS,Ingeniería Industrial,24 DE JUNIO DE 1986 AL 21 DE DICIEMBRE DE 1986
C84305040,JAIRO ALONSO,MONASTERIO,FURRIOL,Ingeniería en Sistemas Computacionales,16 DE ABRIL DE 1997 AL 13 DE OCTUBRE DE 1997
C09303903,DANIELA,TODORAN,URTIAGA,Ingeniería Industrial,9 DE JUNIO DE 2002 AL 6 DE DICIEMBRE DE 2002
C74302584,MARITZA ALTAGRACIA,NORTES,DE PEÑA,Licenciatura en Contaduría,1 DE ENERO DE 1999 AL 30 DE JUNIO DE 1999
C89308221,JOJO,SILVERO,BERGANZA,Licenciatura en Administración,18 DE MAYO DE 2004 AL 14 DE NOVIEMBRE DE 2004
C94309469,DUMITRU LAURENTIU,COLOMERA,TUTIVEN,Licenciatura en Contaduría,20 DE MAYO DE 1990 AL 16 DE NOVIEMBRE DE 1990
C87303997,LARYSA,SHAO,ACEITUNO,Licenciatura en Administración,5 DE JUNIO DE 1991 AL 2 DE DICIEMBRE DE 1991
75307554,YOLANDA ELVIRA,ARRIZABALAGA,FERRUZ,Ingeniería Industrial,16 DE MARZO DE 2017 AL 12 DE SEPTIEMBRE DE 2017
24305245,CATARINA ISABEL,SENOSIAIN,ZAVALETA,Ingeniería Industrial,25 DE NOVIEMBRE DE 2006 AL 24 DE MAYO DE 2007
89308788,GERHARD WILHELM,RICHARDSON,GURRUCHAGA,Ingeniería en Sistemas Computacionales,3 DE MARZO DE 1993 AL 30 DE AGOSTO DE 1993
C97309673,ALICIA MAR,TONG,GARCIA DEL RIO,Ingeniería en Sistemas Computacionales,5 DE OCTUBRE DE 1993 AL 3 DE ABRIL DE 1994
C09307963,JOHANNA MARCELA,ORBANEJA,URETA,Ingeniería Industrial,8 DE MARZO DE 2025 AL 4 DE SEPTIEMBRE DE 2025
C01309976,CHAHRAZED,REDREJO,NOSTI,Ingeniería en Sistemas Computacionales,8 DE SEPTIEMBRE DE 2013 AL 7 DE MARZO DE 2014
87300427,JEFFERSON JOSE,CACHIGUANGO,MAISTERRA,Ingeniería en Sistemas Computacionales,4 DE OCTUBRE DE 2005 AL 2 DE ABRIL DE 2006
01308926,BERTHE,ROSEL,MARRAHI,Ingeniería Industrial,22 DE DICIEMBRE DE 1988 AL 20 DE JUNIO DE 1989
24308559,IOAN AUREL,OYONARTE,TAULATS,Ingeniería en Electrónica,31 DE AGOSTO DE 1981 AL 27 DE FEBRERO DE 1982
20301762,PEDRO SEGUNDO,ASCENSION,GAZPIO,Ingeniería en Electrónica,2 DE ABRIL DE 1990 AL 29 DE SEPTIEMBRE DE 1990
C90304623,GONZALO ARIEL,GAZTAÑAGA,TORIO,Ingeniería Industrial,27 DE FEBRERO DE 2004 AL 25 DE AGOSTO DE 2004
97301515,TXARO,ESCARDO,EZKURRA,Ingeniería Industrial,1 DE ABRIL DE 2013 AL 28 DE SEPTIEMBRE DE 2013
C25302921,SOHRA,BELHAJ,ARBOLES,Ingeniería en Sistemas Computacionales,6 DE OCTUBRE DE 2004 AL 4 DE ABRIL DE 2005
C93308234,LINA ALEXANDRA,SOLSONA,ARIZTI,Licenciatura en Administración,13 DE JUNIO DE 1985 AL 10 DE DICIEMBRE DE 1985
C10307406,HENG,FILIBERTO,MURIES,Licenciatura en Administración,26 DE JUNIO DE 2017 AL 23 DE DICIEMBRE DE 2017
C24304729,CARMEN CONSUELO,TIPANTUÑA,DOTRAS,Licenciatura en Administración,28 DE MARZO DE 2009 AL 24 DE SEPTIEMBRE DE 2009
10309267,TEOTISTA,GAMON,DE MIGUEL,Licenciatura en Contaduría,22 DE ABRIL DE 2011 AL 19 DE OCTUBRE DE 2011
C00308170,LUIS OLMEDO,DE LA CASA,URECHE,Ingeniería en Electrónica,24 DE AGOSTO DE 2012 AL 20 DE FEBRERO DE 2013
C16302717,VALERIU,VODA,FRUNZA,Licenciatura en Contaduría,5 DE MAYO DE 1980 AL 1 DE NOVIEMBRE DE 1980
C12305283,MELANIE,BANCHON,LOPERENA,Licenciatura en Contaduría,19 DE AGOSTO DE 2003 AL 15 DE FEBRERO DE 2004
C14301132,RAMON SANTOS,ARROYO,GALARZA,Ingeniería en Electrónica,7 DE ENERO DE 2018 AL 6 DE JULIO DE 2018
C22309577,HUILIN,PIÑAS,MONTANYA,Ingeniería en Sistemas Computacionales,16 DE MAYO DE 1983 AL 12 DE NOVIEMBRE DE 1983
21306921,MARIA SALUD,MURUA,CABARGA,Ingeniería en Sistemas Computacionales,21 DE JULIO DE 1977 AL 17 DE ENERO DE 1978
C12304099,JUSTINO,CISNERO,BRETT,Ingeniería Industrial,28 DE JULIO DE 1996 AL 24 DE ENERO DE 1997
89309014,CLAUDIO ENRIQUE,ANJOS,KABIR,Licenciatura en Contaduría,19 DE ENERO DE 2021 AL 18 DE JULIO DE 2021
12308211,FELIZA,BUENDIA,PELIGERO,Licenciatura en Contaduría,21 DE DICIEMBRE DE 2016 AL 19 DE JUNIO DE 2017
C07306696,ALFONSO IGNACIO,LECHIGUERO,MAZHAR,Ingeniería en Electrónica,25 DE FEBRERO DE 1996 AL 23 DE AGOSTO DE 1996
79301290,DEBORAH JANE,PRADAS,ASUERO,Ingeniería Industrial,16 DE MARZO DE 2022 AL 12 DE SEPTIEMBRE DE 2022
88301592,MEILI,IFTODE,RAT,Licenciatura en Contaduría,3 DE FEBRERO DE 2023 AL 2 DE AGOSTO DE 2023
C11303523,ELISEO ANTONIO,USATORRE,CASAU,Ingeniería en Electrónica,30 DE MAYO DE 1990 AL 26 DE NOVIEMBRE DE 1990
76308679,YELIZAVETA,ROCH,SALVIA,Licenciatura en Contaduría,17 DE AGOSTO DE 1974 AL 13 DE FEBRERO DE 1975
C15305451,BLANCA MIRIAM,AMIGOT,AIXUT,Ingeniería Industrial,23 DE AGOSTO DE 2012 AL 19 DE FEBRERO DE 2013
06300242,ERICK,DIAZ MERINO,OZAETA,Ingeniería en Sistemas Computacionales,4 DE ENERO DE 2001 AL 3 DE JULIO DE 2001
88301631,ADINA MARIANA,SANGUÑA,PUNZANO,Licenciatura en Administración,4 DE MARZO DE 2013 AL 31 DE AGOSTO DE 2013
C16304728,SARA GEMA,GARVI,CARDOZO,Ingeniería en Sistemas Computacionales,4 DE SEPTIEMBRE DE 2015 AL 2 DE MARZO DE 2016
C96304653,MARTIN EUGENIO,GALITO,DANES,Ingeniería en Sistemas Computacionales,28 DE SEPTIEMBRE DE 1996 AL 27 DE MARZO DE 1997
C00301444,MANDEEP,RIGOL,VALDEAVERO,Ingeniería Industrial,23 DE JULIO DE 2010 AL 19 DE ENERO DE 2011
C11302998,ANDREA INES,ROLO,ESCLAPEZ,Ingeniería Industrial,17 DE MARZO DE 1991 AL 13 DE SEPTIEMBRE DE 1991
98301943,RICARDO ALFONSO,VALIMAÑA,MATENCIO,Ingeniería en Sistemas Computacionales,28 DE FEBRERO DE 1989 AL 27 DE AGOSTO DE 1989
C99304560,LUIS RUFINO,OMORODION,DAMPHA,Ingeniería en Sistemas Computacionales,25 DE JUNIO DE 2008 AL 22 DE DICIEMBRE DE 2008
96301196,SANTIAGO OSCAR,RIBAU,TODOR,Ingeniería Industrial,22 DE ABRIL DE 1988 AL 19 DE OCTUBRE DE 1988
C01302489,PATRICIA CARLA,NOLL,FRANQUIS,Ingeniería en Sistemas Computacionales,27 DE MAYO DE 2006 AL 23 DE NOVIEMBRE DE 2006
76308186,LAURA SUSANA,HOLLOWAY,ARMENTERO,Licenciatura en Contaduría,10 DE OCTUBRE DE 1984 AL 8 DE ABRIL DE 1985
C05301924,LUISA MARINA,BLAT,SUBIRACHS,Ingeniería Industrial,2 DE MAYO DE 1995 AL 29 DE OCTUBRE DE 1995
C78304545,ALEXANDRE MANUEL,AZOUZ,GHANEM,Ingeniería en Sistemas Computacionales,23 DE DICIEMBRE DE 2004 AL 21 DE JUNIO DE 2005
89304601,MARIANA PAOLA,JUBERA,LONCAN,Ingeniería en Electrónica,25 DE ABRIL DE 2003 AL 22 DE OCTUBRE DE 2003
77307198,RAJIV,GIRONA,BARGALLO,Ingeniería en Electrónica,2 DE MAYO DE 1990 AL 29 DE OCTUBRE DE 1990
92304278,MIRCEA IOAN,VILAGINES,PUYOL,Licenciatura en Administración,10 DE AGOSTO DE 2010 AL 6 DE FEBRERO DE 2011
C77308978,MARINA DOLORES,CALABIA,OGAYAR,Licenciatura en Contaduría,26 DE MAYO DE 1978 AL 22 DE NOVIEMBRE DE 1978
C98308281,MANUEL GUMERSINDO,MONTESERIN,CONDEMINAS,Licenciatura en Administración,30 DE MARZO DE 1981 AL 26 DE SEPTIEMBRE DE 1981
C76305200,DARYA,MUSCALU,DAROCA,Ingeniería en Sistemas Computacionales,22 DE ABRIL DE 1978 AL 19 DE OCTUBRE DE 1978
C02304752,LAZARO MIGUEL,RABANAL,SUDUPE,Licenciatura en Contaduría,11 DE ABRIL DE 2008 AL 8 DE OCTUBRE DE 2008
97300066,MARTHA ELISA,LEANDRO,DELANEY,Licenciatura en Contaduría,2 DE SEPTIEMBRE DE 2005 AL 1 DE MARZO DE 2006
C85302236,JENNY MARIA,SORELL,SERON,Licenciatura en Contaduría,4 DE NOVIEMBRE DE 2018 AL 3 DE MAYO DE 2019
C02303054,OLEH,DONADO,CASTAÑEIRA,Licenciatura en Administración,19 DE AGOSTO DE 2012 AL 15 DE FEBRERO DE 2013
C02309597,XIAOLAN,POSADO,MAGADAN,Licenciatura en Contaduría,8 DE SEPTIEMBRE DE 1994 AL 7 DE MARZO DE 1995
85300344,DOLORES AMALIA,TELES,SANCHEZ HERMOSILLA,Ingeniería en Electrónica,29 DE DICIEMBRE DE 1985 AL 27 DE JUNIO DE 1986
91301576,NILO,BASALLO,GREUS,Ingeniería en Sistemas Computacionales,21 DE JULIO DE 2015 AL 17 DE ENERO DE 2016
C86306836,LUIS FELIX,TOBAJAS,GHANEM,Ingeniería en Electrónica,4 DE JUNIO DE 1993 AL 1 DE DICIEMBRE DE 1993
94306023,MARIA IDALIA,DANES,GUANANGA,Ingeniería en Sistemas Computacionales,13 DE FEBRERO DE 2001 AL 12 DE AGOSTO DE 2001
C89303401,KARINA ESTEFANIA,FALCES,MINCU,Ingeniería en Electrónica,6 DE ENERO DE 1985 AL 5 DE JULIO DE 1985
17307694,MELANIE ALEJANDRA,ALDALUR,TORRENT,Licenciatura en Administración,27 DE ABRIL DE 2025 AL 24 DE OCTUBRE DE 2025
C81308319,KONIMBA,BOUTALEB,POCERO,Ingeniería Industrial,26 DE DICIEMBRE DE 1980 AL 24 DE JUNIO DE 1981
11302120,JORGE DAMIAN,RECODER,CARRARA,Licenciatura en Contaduría,27 DE FEBRERO DE 2015 AL 26 DE AGOSTO DE 2015
C88303859,JIA XIN,PELOCHE,PRADILLO,Licenciatura en Administración,1 DE NOVIEMBRE DE 2002 AL 30 DE ABRIL DE 2003
C87303066,MARIE PAULE,MINGOLLA,ENDARA,Ingeniería en Sistemas Computacionales,7 DE FEBRERO DE 1994 AL 6 DE AGOSTO DE 1994
90309980,CECILIA ROSA,RANSANZ,PERALEDA,Licenciatura en Administración,20 DE FEBRERO DE 2007 AL 19 DE AGOSTO DE 2007
C19307968,JOAQUIN SERGIO,PEREÑA,MANOTAS,Ingeniería en Sistemas Computacionales,2 DE OCTUBRE DE 2001 AL 31 DE MARZO DE 2002
86309721,RIDA,PRIEGUE,SUJA,Ingeniería Industrial,9 DE DICIEMBRE DE 2024 AL 7 DE JUNIO DE 2025
C96307633,ANGEL MEDARDO,JOAN,RADUCANU,Licenciatura en Administración,15 DE DICIEMBRE DE 1988 AL 13 DE JUNIO DE 1989
05304703,JOHAN ALEJANDRO,CORET,GUIÑON,Ingeniería en Sistemas Computacionales,20 DE AGOSTO DE 1974 AL 16 DE FEBRERO DE 1975
83305064,KAREN,RUGEL,RUIZ ROSO,Ingeniería Industrial,9 DE MAYO DE 1997 AL 5 DE NOVIEMBRE DE 1997
15300794,SANTINA,SAN CLEMENTE,BERGMANN,Ingeniería Industrial,31 DE ENERO DE 2021 AL 30 DE JULIO DE 2021
92306574,ANA ENCARNACION,ICARDO,LINAJE,Ingeniería en Electrónica,7 DE JUNIO DE 1992 AL 4 DE DICIEMBRE DE 1992
18307122,JEFFERSON JOSE,GUIJOSA,CANUDAS,Ingeniería en Electrónica,28 DE JULIO DE 2009 AL 24 DE ENERO DE 2010
93309335,AARON ANDRES,BUIL,BORISLAVOV,Licenciatura en Administración,14 DE OCTUBRE DE 2006 AL 12 DE ABRIL DE 2007
76306108,PAMELA JOYCE,BARTON,ACHUTEGUI,Licenciatura en Contaduría,9 DE SEPTIEMBRE DE 1995 AL 7 DE MARZO DE 1996
91303048,CARLOS AUGUSTO,OLIVIERI,PALA,Ingeniería en Electrónica,23 DE ABRIL DE 1976 AL 20 DE OCTUBRE DE 1976
C89304489,PATRICIO DANIEL,GUBAU,PIQUERAS,Ingeniería en Electrónica,4 DE AGOSTO DE 1979 AL 31 DE ENERO DE 1980
87300857,AMPARO REYES,MARTINEZ DE MORENTIN,LEITE,Ingeniería Industrial,12 DE MARZO DE 1987 AL 8 DE SEPTIEMBRE DE 1987
21308389,ANDREA ROMINA,GIL ORTEGA,PROAÑO,Licenciatura en Contaduría,30 DE ABRIL DE 1998 AL 27 DE OCTUBRE DE 1998
C05301985,CARIM,BARTEL,MAIDAGAN,Ingeniería en Sistemas Computacionales,29 DE ENERO DE 2009 AL 28 DE JULIO DE 2009
11308258,MARGARITA AURORA,PAJE,CIOACA,Ingeniería en Sistemas Computacionales,9 DE SEPTIEMBRE DE 2014 AL 8 DE MARZO DE 2015
90300341,RAQUEL BELEN,RESPALDIZA,BAZAN,Licenciatura en Administración,25 DE JULIO DE 1985 AL 21 DE ENERO DE 1986
90303882,JUAN PAULO,RIVERA,CATARINO,Ingeniería en Electrónica,26 DE JUNIO DE 1979 AL 23 DE DICIEMBRE DE 1979
C98304437,LIZETH FERNANDA,BALTAR,CAÑIZAL,Ingeniería Industrial,1 DE ABRIL DE 1999 AL 28 DE SEPTIEMBRE DE 1999
02303040,PATRICIA ANDREA,DANSOKO,JUDEZ,Ingeniería en Sistemas Computacionales,25 DE DICIEMBRE DE 2017 AL 23 DE JUNIO DE 2018
C98304129,ANET,LOBACO,VEA,Licenciatura en Contaduría,9 DE ENERO DE 1988 AL 7 DE JULIO DE 1988
C99302074,ENRIQUE MOISES,ALEMAN,PITIGOI,Ingeniería Industrial,20 DE ENERO DE 2015 AL 19 DE JULIO DE 2015
91309173,GEOFFREY JOHN,SAMBADE,COCO,Ingeniería en Electrónica,1 DE JUNIO DE 1992 AL 28 DE NOVIEMBRE DE 1992
C94304117,JOSE HILARIO,JAVED,ARBOLEYA,Ingeniería en Sistemas Computacionales,22 DE ENERO DE 1995 AL 21 DE JULIO DE 1995
C88306311,ANGEL ABEL,BONAVIDA,GABEIRAS,Ingeniería Industrial,12 DE DICIEMBRE DE 1982 AL 10 DE JUNIO DE 1983
07300226,SORIN VALENTIN,CORNELLANA,GIRONDA,Licenciatura en Administración,27 DE JUNIO DE 1991 AL 24 DE DICIEMBRE DE 1991
82300422,PEDRO BAUTISTA,VILARIÑO,WILCOX,Licenciatura en Administración,23 DE DICIEMBRE DE 1988 AL 21 DE JUNIO DE 1989
85300137,CAROLINA ELIZABETH,BELTRI,SAUCE,Ingeniería Industrial,6 DE FEBRERO DE 2009 AL 5 DE AGOSTO DE 2009
C97306594,ENRIQUE JESUS,TORINOS,SERRAL,Ingeniería en Electrónica,17 DE JUNIO DE 2022 AL 14 DE DICIEMBRE DE 2022
18301396,VEREMUNDO,EVANS,CUCURELLA,Ingeniería Industrial,10 DE AGOSTO DE 2000 AL 6 DE FEBRERO DE 2001
13300205,FAWZIA,USMAN,BABAR,Ingeniería en Electrónica,24 DE JUNIO DE 2008 AL 21 DE DICIEMBRE DE 2008
C91307210,NAJUA,IDAÑEZ,LENDRINO,Licenciatura en Contaduría,24 DE JUNIO DE 2008 AL 21 DE DICIEMBRE DE 2008
C89305675,ZUBAIR,BALAN,POLAN,Ingeniería en Electrónica,17 DE ABRIL DE 1978 AL 14 DE OCTUBRE DE 1978
86309758,MARIA SHEYLA,USACH,MATOSES,Ingeniería en Electrónica,15 DE ENERO DE 1989 AL 14 DE JULIO DE 1989
C03308016,JULIA INMACULADA,ARNOLD,CUSSO,Licenciatura en Administración,13 DE ENERO DE 1977 AL 12 DE JULIO DE 1977
C08306871,GEMMA LOUISE,BENABARRE,COJOC,Licenciatura en Administración,28 DE ABRIL DE 1984 AL 25 DE OCTUBRE DE 1984
83309929,GERARDO DIEGO,MOURAD,VELIZ,Ingeniería en Electrónica,4 DE MAYO DE 2011 AL 31 DE OCTUBRE DE 2011
C04305691,ROBERTO ALFREDO,CALLADO,EGAS,Ingeniería Industrial,20 DE MAYO DE 1995 AL 16 DE NOVIEMBRE DE 1995
16307888,PEDRO JONAY,GRIVE,NAVAREÑO,Licenciatura en Contaduría,1 DE ABRIL DE 2022 AL 28 DE SEPTIEMBRE DE 2022
C02305831,CARLOS GASPAR,ALSASUA,TIELVE,Licenciatura en Contaduría,7 DE JULIO DE 1976 AL 3 DE ENERO DE 1977
94300076,MARE,IVANESCU,SERRAS,Licenciatura en Contaduría,17 DE FEBRERO DE 2011 AL 16 DE AGOSTO DE 2011
C08300105,AARON ANTONIO,CHUMPITAZ,SADABA,Ingeniería Industrial,22 DE FEBRERO DE 2015 AL 21 DE AGOSTO DE 2015
C05301661,JOSEFA ROSALIA,FOCHE,TOSUN,Ingeniería Industrial,10 DE ENERO DE 2023 AL 9 DE JULIO DE 2023
91309342,ANGIE MELISSA,CASTROVIEJO,EULOGIO,Ingeniería en Electrónica,3 DE NOVIEMBRE DE 2004 AL 2 DE MAYO DE 2005
C21308609,CLINTON,GARZON,BORRACHERO,Licenciatura en Administración,1 DE MAYO DE 1986 AL 28 DE OCTUBRE DE 1986
C83307298,MELISA,COLOMINA,ESTEFANO,Ingeniería en Electrónica,18 DE SEPTIEMBRE DE 1984 AL 17 DE MARZO DE 1985
82306965,CLARA JULIA,BUSCARONS,JOSA,Ingeniería en Electrónica,25 DE JULIO DE 1999 AL 21 DE ENERO DE 2000
C94302808,JUN,MOMPARLER,MERELLES,Licenciatura en Administración,20 DE DICIEMBRE DE 1991 AL 17 DE JUNIO DE 1992
C10305142,IOAN DAN,VIZARRO,FONTA,Licenciatura en Administración,21 DE MARZO DE 2000 AL 17 DE SEPTIEMBRE DE 2000
C11308745,MARIANO VICENTE,GAINZARAIN,HANCOCK,Ingeniería en Sistemas Computacionales,14 DE JUNIO DE 2005 AL 11 DE DICIEMBRE DE 2005
91306832,FERNANDO LORENZO,SANTORO,LABRADO,Licenciatura en Contaduría,18 DE OCTUBRE DE 1977 AL 16 DE ABRIL DE 1978
95300836,GREGORIO AGUSTIN,ABIDA,SIMION,Ingeniería en Electrónica,15 DE FEBRERO DE 1989 AL 14 DE AGOSTO DE 1989
84306543,CHAFIA,BANUS,ARTAL,Ingeniería en Electrónica,15 DE JUNIO DE 2013 AL 12 DE DICIEMBRE DE 2013
93303130,EMILIA ASUNCION,ZARIOH,MARTIN ARAGON,Ingeniería en Sistemas Computacionales,21 DE MAYO DE 2004 AL 17 DE NOVIEMBRE DE 2004
C87302941,ANTONIO GIL,BETANCURT,ATAZ,Ingeniería en Sistemas Computacionales,17 DE ABRIL DE 2019 AL 14 DE OCTUBRE DE 2019
C18301356,XIAOYING,ICETA,HERREZUELO,Licenciatura en Contaduría,25 DE JULIO DE 1992 AL 21 DE ENERO DE 1993
C04305160,CARLOS MARCELINO,HIDALGO,CHOUKRI,Licenciatura en Administración,13 DE SEPTIEMBRE DE 1989 AL 12 DE MARZO DE 1990
76307861,MARIA ROSELL,GERMAIN,MUNTAÑOLA,Ingeniería Industrial,19 DE JULIO DE 2003 AL 15 DE ENERO DE 2004
C09307218,DABO,ANTICH,HERNANDIZ,Licenciatura en Administración,26 DE JULIO DE 2025 AL 22 DE ENERO DE 2026
04301497,AMPARO BEATRIZ,MARZOK,GORMAZ,Licenciatura en Contaduría,14 DE MAYO DE 1975 AL 10 DE NOVIEMBRE DE 1975
25305145,ABDELJEBBAR,BORREGAN,MONELL,Licenciatura en Administración,12 DE MARZO DE 1982 AL 8 DE SEPTIEMBRE DE 1982
C13306232,EVELIA MARIA,NEIRO,RODRIGUEZ BARBERO,Licenciatura en Contaduría,19 DE JULIO DE 1999 AL 15 DE ENERO DE 2000
C81309166,JAQUELINE,IRAOLAGOITIA,SOBRERO,Ingeniería en Sistemas Computacionales,19 DE NOVIEMBRE DE 2005 AL 18 DE MAYO DE 2006
18300576,MARTA SOLEDAD,TURRILLO,ARMENTAL,Licenciatura en Contaduría,18 DE AGOSTO DE 1989 AL 14 DE FEBRERO DE 1990
03308537,MARIA CASILDA,BUSTABAD,MUHAMMAD,Ingeniería Industrial,17 DE OCTUBRE DE 1979 AL 14 DE ABRIL DE 1980
C09306954,GERARDO JOSE,DELFIN,REBOSO,Licenciatura en Contaduría,5 DE SEPTIEMBRE DE 2014 AL 4 DE MARZO DE 2015
C19301161,IOANA CORNELIA,ALAGARDA,CUESTO,Ingeniería en Sistemas Computacionales,11 DE MAYO DE 2015 AL 7 DE NOVIEMBRE DE 2015
C82306673,AIZANE,SAMARTINO,PENELO,Ingeniería Industrial,14 DE OCTUBRE DE 2005 AL 12 DE ABRIL DE 2006
79302480,RONALD ANTONIO,BERES,ABBOTT,Ingeniería Industrial,9 DE OCTUBRE DE 1983 AL 6 DE ABRIL DE 1984
C11301042,MARIA YOMARA,MOSCATEL,SOMONTE,Ingeniería Industrial,15 DE FEBRERO DE 2023 AL 14 DE AGOSTO DE 2023
C79306681,RADU LUCIAN,TAVERAS,PARRIEGO,Ingeniería en Electrónica,21 DE JUNIO DE 1991 AL 18 DE DICIEMBRE DE 1991
C86305704,IOAN IULIAN,RODEÑO,MOROÑO,Ingeniería Industrial,10 DE FEBRERO DE 1978 AL 9 DE AGOSTO DE 1978
C17302351,EUKENE,BURRELL,LARREN,Ingeniería en Sistemas Computacionales,19 DE ENERO DE 2009 AL 18 DE JULIO DE 2009
88306288,SEBASTIAN PABLO,ESCARDA,CANELLES,Licenciatura en Contaduría,17 DE SEPTIEMBRE DE 1974 AL 16 DE MARZO DE 1975
C19301292,IMRE,NOBLEJAS,LOPEZ MENCHERO,Ingeniería en Sistemas Computacionales,25 DE ABRIL DE 2004 AL 22 DE OCTUBRE DE 2004
20305238,OVIDIA,LEONET,WAGGEH,Ingeniería en Electrónica,28 DE ENERO DE 2014 AL 27 DE JULIO DE 2014
81309769,MIGUEL GUILLERMO,BAUMGARTNER,ASCASIBAR,Ingeniería en Sistemas Computacionales,3 DE MARZO DE 2016 AL 30 DE AGOSTO DE 2016
16300428,SALVADOR FRANCISCO,MATURANO,ARMENTAL,Ingeniería Industrial,20 DE NOVIEMBRE DE 2022 AL 19 DE MAYO DE 2023
C00305934,ANGEL CARMELO,GARCIA ROMERAL,GAYOSO,Ingeniería en Electrónica,23 DE ABRIL DE 1999 AL 20 DE OCTUBRE DE 1999
83301816,JOUSSEF,SENIOR,OPRIS,Licenciatura en Contaduría,31 DE MAYO DE 1980 AL 27 DE NOVIEMBRE DE 1980
17304798,MARTIRES,SOLAS,ROMERO,Licenciatura en Administración,7 DE MARZO DE 2007 AL 3 DE SEPTIEMBRE DE 2007
C24302155,MARIA KARMEN,OPRISAN,RAMIREZ ARELLANO,Licenciatura en Administración,27 DE NOVIEMBRE DE 1977 AL 26 DE MAYO DE 1978
85301997,LUIS DAVID,ZORROZUA,RAS,Ingeniería en Sistemas Computacionales,14 DE SEPTIEMBRE DE 1998 AL 13 DE MARZO DE 1999
C06308185,JAD,SMIT,PADERNE,Ingeniería en Electrónica,12 DE JULIO DE 1981 AL 8 DE ENERO DE 1982
14300157,JUSTINO,GARCIA DE ANDOIN,JASO,Licenciatura en Contaduría,14 DE NOVIEMBRE DE 2016 AL 13 DE MAYO DE 2017
C88301664,LIYA,BAGUR,LANDA,Ingeniería Industrial,11 DE MARZO DE 2002 AL 7 DE SEPTIEMBRE DE 2002
74308628,JACQUELINE ANNE,MUSTIENES,RAOUDI,Licenciatura en Contaduría,19 DE JULIO DE 2009 AL 15 DE ENERO DE 2010
C90308206,IHINTZA,NORES,DE BLAS,Ingeniería Industrial,4 DE AGOSTO DE 1994 AL 31 DE ENERO DE 1995
C00304430,DIMITAR ATANASOV,ARRISCADO,ARANIBAR,Licenciatura en Contaduría,30 DE NOVIEMBRE DE 1998 AL 29 DE MAYO DE 1999
96300001,OLGA MARIA,CORE,LEITES,Licenciatura en Administración,21 DE DICIEMBRE DE 2013 AL 19 DE JUNIO DE 2014
C10302512,MARIA PURIFICACION,SILLAS,PEINADO,Ingeniería Industrial,13 DE MAYO DE 1984 AL 9 DE NOVIEMBRE DE 1984
89308703,DANIELA RAMONA,CASEY,LAY,Ingeniería Industrial,15 DE JUNIO DE 2016 AL 12 DE DICIEMBRE DE 2016
78305617,CARLOS EFRAIN,ESPERT,PUJOLA,Ingeniería en Sistemas Computacionales,28 DE JUNIO DE 2009 AL 25 DE DICIEMBRE DE 2009
75309864,ANSELMA,LANCHARES,ARANO,Ingeniería Industrial,31 DE MAYO DE 2013 AL 27 DE NOVIEMBRE DE 2013
25301138,SANKUNG,DE LA FIGUERA,BERENGENA,Licenciatura en Contaduría,7 DE NOVIEMBRE DE 2021 AL 6 DE MAYO DE 2022
82303626,RENATE,GRILLO,DE MINGO,Ingeniería en Sistemas Computacionales,15 DE NOVIEMBRE DE 2001 AL 14 DE MAYO DE 2002
95302539,MARIA A,MANGLANO,DOBRICA,Ingeniería en Electrónica,10 DE AGOSTO DE 1978 AL 6 DE FEBRERO DE 1979
C99300448,ADOLFO LEON,WEBBER,VALDEOLIVAS,Ingeniería Industrial,31 DE ENERO DE 1989 AL 30 DE JULIO DE 1989
C86303499,JAZMIN MARIA,FATIMA,GARAIKOETXEA,Ingeniería en Electrónica,15 DE MARZO DE 2020 AL 11 DE SEPTIEMBRE DE 2020
C94309370,MARCOS AURELIO,JARIA,FRONTON,Ingeniería en Electrónica,4 DE FEBRERO DE 1996 AL 2 DE AGOSTO DE 1996
85306568,WENZHONG,BEREAU,HIGES,Ingeniería en Electrónica,17 DE DICIEMBRE DE 2002 AL 15 DE JUNIO DE 2003
C18300710,DARWIN ALBERTO,MENDO,ORMAECHEA,Ingeniería en Sistemas Computacionales,2 DE OCTUBRE DE 2015 AL 30 DE MARZO DE 2016
C95305265,SALVADOR,IRIBARNEGARAY,ABDELAZIZ,Ingeniería en Electrónica,23 DE NOVIEMBRE DE 2018 AL 22 DE MAYO DE 2019
C87306642,EMIGDIA,CHEUNG,JUDAS,Ingeniería Industrial,15 DE MARZO DE 1995 AL 11 DE SEPTIEMBRE DE 1995
C11302661,TODOR,GAJON,MANGAS,Ingeniería en Sistemas Computacionales,20 DE MAYO DE 1991 AL 16 DE NOVIEMBRE DE 1991
80307963,JAOUAD,GARCIA BALLESTEROS,RAMENTOL,Licenciatura en Contaduría,22 DE NOVIEMBRE DE 2020 AL 21 DE MAYO DE 2021
04309732,JEREMIE,BASSET,MOHAMMED,Ingeniería Industrial,6 DE SEPTIEMBRE DE 2016 AL 5 DE MARZO DE 2017
89303383,ALBA NIDIA,OPPONG,TERMENS,Licenciatura en Contaduría,21 DE AGOSTO DE 2011 AL 17 DE FEBRERO DE 2012
C15300406,PAOLA KATHERINE,EL KIHEL,SOTERAS,Ingeniería en Electrónica,25 DE ENERO DE 1979 AL 24 DE JULIO DE 1979
83300380,ANZHELA,BOLUFER,DOBON,Ingeniería en Electrónica,6 DE JUNIO DE 1974 AL 3 DE DICIEMBRE DE 1974
C22307599,DIOGENES,CHAPARTEGUI,PEREZ CEJUELA,Licenciatura en Contaduría,30 DE SEPTIEMBRE DE 1991 AL 28 DE MARZO DE 1992
C87307240,ROSITSA,BERNIER,REPULLES,Licenciatura en Administración,11 DE JULIO DE 1979 AL 7 DE ENERO DE 1980
C76309234,MARIA CIRA,APRAIZ,SUSTAETA,Ingeniería en Sistemas Computacionales,25 DE DICIEMBRE DE 1974 AL 23 DE JUNIO DE 1975
C05303900,NELSON MANUEL,GARCIA VILLARACO,TRIGOS,Ingeniería Industrial,16 DE JUNIO DE 1986 AL 13 DE DICIEMBRE DE 1986
C94301567,PALOMA ISABEL,CARAFI,ORUE,Ingeniería Industrial,29 DE SEPTIEMBRE DE 2014 AL 28 DE MARZO DE 2015
22304740,IFARA,GOPAR,TRABAJO,Licenciatura en Contaduría,12 DE OCTUBRE DE 1999 AL 9 DE ABRIL DE 2000
91308420,KREMENA,ORDORICA,CEPEDANO,Ingeniería en Electrónica,21 DE ENERO DE 2023 AL 20 DE JULIO DE 2023
C81304357,MILENA,DOROBANTU,BORDONS,Ingeniería en Electrónica,8 DE ABRIL DE 2010 AL 5 DE OCTUBRE DE 2010
12303485,DEOLINDA MARIA,BELSUE,BOTIAS,Licenciatura en Contaduría,21 DE MAYO DE 2001 AL 17 DE NOVIEMBRE DE 2001
05300678,ANA DESIREE,PALACIN,BONORA,Ingeniería en Electrónica,8 DE NOVIEMBRE DE 1987 AL 6 DE MAYO DE 1988
02308342,ZHIHUI,BORT,BROZ,Licenciatura en Contaduría,20 DE JUNIO DE 1974 AL 17 DE DICIEMBRE DE 1974
16303686,JORGE HECTOR,KARAPETYAN,BERBEN,Licenciatura en Administración,13 DE JULIO DE 1999 AL 9 DE ENERO DE 2000
18306669,MIGUEL BENITO,ARGAIZ,ESCURIN,Ingeniería Industrial,10 DE AGOSTO DE 1981 AL 6 DE FEBRERO DE 1982
C08302851,COSTANZA,MANERO,REGATO,Licenciatura en Contaduría,4 DE JULIO DE 2020 AL 31 DE DICIEMBRE DE 2020
77308860,TXABER,CALONGE,ALVADO,Licenciatura en Administración,24 DE ENERO DE 1985 AL 23 DE JULIO DE 1985
C11304078,DILCIA,RUIZ DE LOS PAÑOS,MILEA,Ingeniería Industrial,24 DE ENERO DE 2017 AL 23 DE JULIO DE 2017
87301433,LIBERADA,PETRICA,TRINCADO,Ingeniería Industrial,5 DE MAYO DE 1990 AL 1 DE NOVIEMBRE DE 1990
94300652,ALBERTO ALEJANDRO,GOIKOLEA,HAHN,Licenciatura en Contaduría,3 DE ENERO DE 1997 AL 2 DE JULIO DE 1997
74300068,ALINA MONICA,ONEA,BENABBOU,Ingeniería en Sistemas Computacionales,18 DE ENERO DE 2025 AL 17 DE JULIO DE 2025
83301611,VALYA,MOSTAJO,BELGHAZI,Licenciatura en Administración,23 DE MAYO DE 1986 AL 19 DE NOVIEMBRE DE 1986
C80308635,IKRAM,MANOTAS,BERNUZ,Ingeniería en Sistemas Computacionales,20 DE OCTUBRE DE 1975 AL 17 DE ABRIL DE 1976
90307439,SINFOROSA,PAMPANO,AGUINAGALDE,Licenciatura en Administración,10 DE ABRIL DE 1986 AL 7 DE OCTUBRE DE 1986
82300068,RADU NICOLAE,UCEDO,AMURRIO,Ingeniería en Sistemas Computacionales,15 DE JULIO DE 1989 AL 11 DE ENERO DE 1990
C75309761,CLAUDIO MARIA,MOURAD,CRIVILLE,Ingeniería en Electrónica,1 DE JUNIO DE 2025 AL 28 DE NOVIEMBRE DE 2025
74305577,GALO VINICIO,OZAEZ,CUÑARRO,Licenciatura en Contaduría,11 DE JULIO DE 1999 AL 7 DE ENERO DE 2000
90304163,LUIS JERONIMO,CELIS,LLATAS,Ingeniería Industrial,7 DE MARZO DE 2005 AL 3 DE SEPTIEMBRE DE 2005
C00305792,ARSENIA,BAETA,MANCHON,Ingeniería Industrial,3 DE DICIEMBRE DE 2021 AL 1 DE JUNIO DE 2022
98306008,HECTOR RUBEN,CLAVO,JBARI,Ingeniería Industrial,6 DE SEPTIEMBRE DE 2001 AL 5 DE MARZO DE 2002
C05301517,EMILIA JUANA,PARAPAR,PARCERO,Licenciatura en Administración,13 DE JUNIO DE 1981 AL 10 DE DICIEMBRE DE 1981
C91300272,MARIE JOSE,ESPRIU,VALMAÑA,Ingeniería en Electrónica,4 DE FEBRERO DE 1988 AL 2 DE AGOSTO DE 1988
09307835,MARIA SERRA,TALIBI,GRELA,Ingeniería en Sistemas Computacionales,4 DE NOVIEMBRE DE 2023 AL 2 DE MAYO DE 2024
93309307,MARIA CIRIACA,CAÑIBANO,ARTIGUES,Ingeniería en Electrónica,24 DE JUNIO DE 1998 AL 21 DE DICIEMBRE DE 1998
20309495,MARIA VALENTINA,CARDELLE,GOYOAGA,Licenciatura en Contaduría,15 DE JULIO DE 2007 AL 11 DE ENERO DE 2008
08306874,JHOAN ANDRES,VEGARA,FOPIANI,Ingeniería en Sistemas Computacionales,12 DE AGOSTO DE 1979 AL 8 DE FEBRERO DE 1980
06306427,IOMARA,SARRI,DE PEDRO,Ingeniería en Sistemas Computacionales,29 DE JUNIO DE 1975 AL 26 DE DICIEMBRE DE 1975
95301131,MARIA ELI,GONTAN,KASMI,Ingeniería en Sistemas Computacionales,1 DE ENERO DE 2000 AL 29 DE JUNIO DE 2000
12308807,ADRIAN ANGEL,CORACHAN,MINGOT,Licenciatura en Administración,13 DE MARZO DE 1989 AL 9 DE SEPTIEMBRE DE 1989
C83301851,NICOLETA CORINA,CABEZA,LALANA,Ingeniería en Sistemas Computacionales,9 DE NOVIEMBRE DE 1992 AL 8 DE MAYO DE 1993
96303728,SANTIAGO JULIAN,DE MORAIS,PAREJA,Licenciatura en Contaduría,5 DE MARZO DE 2006 AL 1 DE SEPTIEMBRE DE 2006
C05303024,CLARA MANUELA,LACOMBA,LOBEJON,Ingeniería en Sistemas Computacionales,8 DE ENERO DE 2023 AL 7 DE JULIO DE 2023
09300522,CHEN,CHAFLA,BACALLADO,Licenciatura en Contaduría,8 DE OCTUBRE DE 2021 AL 6 DE ABRIL DE 2022
89307591,DOMINGO FELIPE,ACAL,ALFAMBRA,Ingeniería en Electrónica,31 DE OCTUBRE DE 2003 AL 28 DE ABRIL DE 2004
22300604,TEOFILA,AMORRORTU,MARTINEZ DE UBAGO,Licenciatura en Administración,26 DE OCTUBRE DE 2001 AL 24 DE ABRIL DE 2002
C05304533,NAYRA,EUGUI,SANCES,Ingeniería en Electrónica,3 DE FEBRERO DE 2009 AL 2 DE AGOSTO DE 2009
C23302030,PATRICIA CARME,ALEXE,OBIANG,Licenciatura en Administración,9 DE NOVIEMBRE DE 1992 AL 8 DE MAYO DE 1993
C10300880,CHRISTOPHER CHARLES,DEL ESTAL,CANTERA,Ingeniería en Electrónica,23 DE FEBRERO DE 2016 AL 21 DE AGOSTO DE 2016
C87308833,JOAQUIN ARTURO,BARSAN,BUELE,Ingeniería en Sistemas Computacionales,19 DE JUNIO DE 2015 AL 16 DE DICIEMBRE DE 2015
C00303465,OLMEDO,NECULA,TITO,Licenciatura en Contaduría,15 DE DICIEMBRE DE 1981 AL 13 DE JUNIO DE 1982
C76306865,ANA NURIA,FARAH,TERCEROS,Ingeniería Industrial,22 DE MAYO DE 1974 AL 18 DE NOVIEMBRE DE 1974
C06305828,LUIS VICTORIANO,ALBISUA,DEIVE,Licenciatura en Administración,25 DE NOVIEMBRE DE 2015 AL 23 DE MAYO DE 2016
C98304812,MELISSA MARIA,ERRAZKIN,PRECEDO,Licenciatura en Administración,11 DE FEBRERO DE 2000 AL 9 DE AGOSTO DE 2000
C00306861,ALFONSINA,VALLANO,BARKER,Ingeniería en Electrónica,13 DE ENERO DE 1975 AL 12 DE JULIO DE 1975
18301797,MATIAS EMANUEL,MARESMA,CABODEVILLA,Ingeniería en Electrónica,20 DE FEBRERO DE 2022 AL 19 DE AGOSTO DE 2022
15307472,LUIS ABEL,SAENZ DIEZ,FELICI,Ingeniería en Electrónica,16 DE JULIO DE 2020 AL 12 DE ENERO DE 2021
21302133,MARIA MARIA,VALHONDO,DE MOLINA,Ingeniería en Electrónica,5 DE MAYO DE 1993 AL 1 DE NOVIEMBRE DE 1993
C79305005,VIRGINICA,ESTARELLAS,VRABIE,Ingeniería Industrial,23 DE FEBRERO DE 1980 AL 21 DE AGOSTO DE 1980
18308878,FRANKLIN RENE,LEITAO,CALDELAS,Ingeniería Industrial,13 DE OCTUBRE DE 2004 AL 11 DE ABRIL DE 2005
92305205,STEFAN MIHAI,NUEZ,EZKERRA,Licenciatura en Administración,12 DE DICIEMBRE DE 2010 AL 10 DE JUNIO DE 2011
06300309,JUAN OCTAVIO,PENELAS,MILLO,Ingeniería Industrial,7 DE MAYO DE 2009 AL 3 DE NOVIEMBRE DE 2009
C25309161,ISSAKA,FELPETO,CALDERON,Licenciatura en Contaduría,12 DE AGOSTO DE 1986 AL 8 DE FEBRERO DE 1987
05300207,MIRIAN CAROLINA,HEREU,CELIA,Licenciatura en Contaduría,11 DE DICIEMBRE DE 2025 AL 9 DE JUNIO DE 2026
C19305450,YONGQIN,GENERO,MARIVELA,Ingeniería Industrial,17 DE ENERO DE 1980 AL 15 DE JULIO DE 1980
14303791,JUAN ILDEFONSO,COGOLLOR,ESTELLES,Licenciatura en Contaduría,5 DE ABRIL DE 2020 AL 2 DE OCTUBRE DE 2020
C17302321,ANTONIO EULOGIO,ASTIZ,DE LAS CUEVAS,Ingeniería en Electrónica,13 DE MAYO DE 2015 AL 9 DE NOVIEMBRE DE 2015
88308151,LIBRADA MARIA,BELKASMI,AZKORRA,Ingeniería Industrial,27 DE SEPTIEMBRE DE 1992 AL 26 DE MARZO DE 1993
C18306906,BABACAR,FLAMENCO,CABARCOS,Ingeniería en Electrónica,27 DE ENERO DE 2005 AL 26 DE JULIO DE 2005
C78308956,ADELA,AFIF,YUNGA,Ingeniería Industrial,29 DE DICIEMBRE DE 2019 AL 26 DE JUNIO DE 2020
C11306781,AIYANA,NOGUEIRAS,GALCERA,Licenciatura en Administración,9 DE MARZO DE 2020 AL 5 DE SEPTIEMBRE DE 2020
04305988,JORG MICHAEL,GARCIA SAAVEDRA,DUESO,Ingeniería en Sistemas Computacionales,3 DE FEBRERO DE 2020 AL 1 DE AGOSTO DE 2020
19306267,ALBERTO SERGIO,UCELAY,HOWE,Ingeniería en Sistemas Computacionales,15 DE SEPTIEMBRE DE 2023 AL 13 DE MARZO DE 2024
19301326,ISABEL NATALIA,PALERM,BROCH,Ingeniería Industrial,14 DE NOVIEMBRE DE 1984 AL 13 DE MAYO DE 1985
C04301262,JOSU MIREN,VADUVA,RAISS,Ingeniería en Sistemas Computacionales,27 DE JULIO DE 1999 AL 23 DE ENERO DE 2000
89306240,PEDRO AITOR,SABBAR,GARES,Ingeniería en Electrónica,13 DE JULIO DE 2010 AL 9 DE ENERO DE 2011
C10302614,ORLANDO FRANCISCO,RAMAS,PEULA,Licenciatura en Contaduría,25 DE NOVIEMBRE DE 2003 AL 23 DE MAYO DE 2004
90307129,NIKOLAY IVANOV,LADRON GUEVARA,URIBE ECHEVARRIA,Ingeniería Industrial,11 DE JULIO DE 1974 AL 7 DE ENERO DE 1975
13306228,NATALIA ALICIA,UCEDA,GAY,Ingeniería Industrial,24 DE NOVIEMBRE DE 2017 AL 23 DE MAYO DE 2018
83302624,ADRIAN DAN,CONDADO,ACITORES,Ingeniería en Sistemas Computacionales,22 DE JULIO DE 2020 AL 18 DE ENERO DE 2021
10309769,CLARK,RUPA,ARTACHO,Ingeniería en Electrónica,10 DE ABRIL DE 2014 AL 7 DE OCTUBRE DE 2014
C78307755,GABRIELA MIHAELA,BONA,FAMILIAR,Ingeniería en Sistemas Computacionales,24 DE MAYO DE 1996 AL 20 DE NOVIEMBRE DE 1996
C92306636,JALED,FERNANDEZ NESPRAL,ARBIDE,Ingeniería Industrial,9 DE MAYO DE 2023 AL 5 DE NOVIEMBRE DE 2023
25303329,SANDRA JANETH,MUJIKA,ARNEZ,Licenciatura en Contaduría,17 DE DICIEMBRE DE 2012 AL 15 DE JUNIO DE 2013
C95307914,ROMA,OCARIZ,GARDEAZABAL,Ingeniería Industrial,21 DE NOVIEMBRE DE 2019 AL 19 DE MAYO DE 2020
91309030,KATHERINE LISSETTE,ARAS,CABEZUELO,Ingeniería en Sistemas Computacionales,14 DE MAYO DE 2012 AL 10 DE NOVIEMBRE DE 2012
C02301049,MILORAD,DOCANDO,CARRASCON,Licenciatura en Administración,19 DE JULIO DE 2000 AL 15 DE ENERO DE 2001
C99301592,ANA GLORIA,ARISTA,GRANADERO,Ingeniería en Sistemas Computacionales,22 DE ENERO DE 2023 AL 21 DE JULIO DE 2023
C23309320,ENMA MARIA,JENE,VIDALLER,Ingeniería en Electrónica,28 DE ABRIL DE 2001 AL 25 DE OCTUBRE DE 2001
01306295,SINDULFO,MAISO,KAISER,Licenciatura en Contaduría,25 DE JUNIO DE 2017 AL 22 DE DICIEMBRE DE 2017
C76308373,CHRISTIANA,CENARRUZABEITIA,ARASA,Licenciatura en Administración,13 DE MARZO DE 1990 AL 9 DE SEPTIEMBRE DE 1990
C14304674,MARAT,MASOOD,GALLEGO SACRISTANA,Ingeniería en Electrónica,2 DE ABRIL DE 1978 AL 29 DE SEPTIEMBRE DE 1978
22303923,MARIA NORA,CHRISTIE,DE LA ROZ,Ingeniería en Sistemas Computacionales,29 DE DICIEMBRE DE 1993 AL 27 DE JUNIO DE 1994
C23304304,CONCEPCION BELEN,MANDALUNIZ,KRUMOVA,Ingeniería en Sistemas Computacionales,4 DE DICIEMBRE DE 1990 AL 2 DE JUNIO DE 1991
C08301277,ARCHIL,DE LIMA,RAMIRES,Ingeniería en Electrónica,5 DE OCTUBRE DE 2012 AL 3 DE ABRIL DE 2013
C92308165,SEBASTIAN ALBERTO,DIAZ ALEJO,COLOME,Licenciatura en Contaduría,27 DE AGOSTO DE 2014 AL 23 DE FEBRERO DE 2015
94308390,FAUSTINA,HORMEÑO,GASSIOT,Licenciatura en Administración,26 DE DICIEMBRE DE 2025 AL 24 DE JUNIO DE 2026
96309211,WALTER VICENTE,FAR,AZNAREZ,Ingeniería en Electrónica,26 DE MAYO DE 2018 AL 22 DE NOVIEMBRE DE 2018
74307007,RICHARD MARCELO,PREGO,VAREZ,Licenciatura en Contaduría,11 DE JUNIO DE 2016 AL 8 DE DICIEMBRE DE 2016
81302049,DAVID REYES,FLOROIU,VILLAFUERTES,Ingeniería en Sistemas Computacionales,1 DE DICIEMBRE DE 2012 AL 30 DE MAYO DE 2013
06300388,LUISA ADELA,DIAZ MADROÑERO,SOKOLOVA,Licenciatura en Contaduría,1 DE NOVIEMBRE DE 2011 AL 29 DE ABRIL DE 2012
C76307873,KOLDO MIRENA,GARCIA BRAVO,ARRASTIA,Ingeniería en Electrónica,29 DE ABRIL DE 1976 AL 26 DE OCTUBRE DE 1976
03307526,URBANO MANUEL,MATIENZO,CALZON,Ingeniería en Sistemas Computacionales,22 DE MARZO DE 1999 AL 18 DE SEPTIEMBRE DE 1999
C88309996,MARIAN NICUSOR,ARNALOT,ARBULU,Ingeniería Industrial,30 DE MAYO DE 2001 AL 26 DE NOVIEMBRE DE 2001
C88305406,ALSINA,PALERO,RANGEL,Ingeniería en Electrónica,8 DE SEPTIEMBRE DE 1994 AL 7 DE MARZO DE 1995
C81307006,JON IMANOL,FRECHINA,RICHARDS,Ingeniería en Electrónica,18 DE JUNIO DE 2020 AL 15 DE DICIEMBRE DE 2020
C15304398,PAULA CAMILA,QUINATOA,RAMIREZ DE LA PISCINA,Licenciatura en Contaduría,28 DE JULIO DE 2000 AL 24 DE ENERO DE 2001
C80304740,ALIN MIHAI,ONGAY,ALIX,Ingeniería en Electrónica,24 DE MARZO DE 2009 AL 20 DE SEPTIEMBRE DE 2009
C92307208,YAHIMA,INTXAURRAGA,PINTER,Licenciatura en Contaduría,8 DE NOVIEMBRE DE 2009 AL 7 DE MAYO DE 2010
C10306866,ALEX ALEJANDRO,PINSACH,GOROSABEL,Ingeniería Industrial,13 DE NOVIEMBRE DE 2018 AL 12 DE MAYO DE 2019
75304597,LUZ DAMARIS,MARCHAND,PUERMA,Ingeniería Industrial,3 DE MARZO DE 1976 AL 30 DE AGOSTO DE 1976
05300857,BETISA,MUNCUNILL,ZULETA,Licenciatura en Contaduría,13 DE ENERO DE 2021 AL 12 DE JULIO DE 2021
C82305244,DAVID JOEL,SANMARTIN,ALLANDE,Licenciatura en Contaduría,9 DE SEPTIEMBRE DE 1992 AL 8 DE MARZO DE 1993
21303041,OUASSIM,RUPERTO,CARROLL,Ingeniería en Sistemas Computacionales,12 DE AGOSTO DE 1999 AL 8 DE FEBRERO DE 2000
25306874,MAJDA,RECH,PILATUÑA,Licenciatura en Administración,31 DE MAYO DE 2024 AL 27 DE NOVIEMBRE DE 2024
13303576,JUSTINAS,VALER,ARISTU,Ingeniería en Sistemas Computacionales,13 DE FEBRERO DE 1974 AL 12 DE AGOSTO DE 1974
97300510,CONSUELO DOLORES,ARTALEJO,ESTESO,Ingeniería Industrial,20 DE MAYO DE 1999 AL 16 DE NOVIEMBRE DE 1999
C20305428,VITORIA,PEÑARROYA,RIOLOBOS,Ingeniería Industrial,4 DE DICIEMBRE DE 2025 AL 2 DE JUNIO DE 2026
13305944,ANTONIO MIGUEL,DINEV,PAYNE,Ingeniería Industrial,14 DE NOVIEMBRE DE 2021 AL 13 DE MAYO DE 2022
81301769,DAVID ALBERTO,EL AOUNI,HORTIGON,Licenciatura en Contaduría,14 DE OCTUBRE DE 2000 AL 12 DE ABRIL DE 2001
94304139,YUSEIN,DOMINGOS,MALANDA,Licenciatura en Administración,26 DE FEBRERO DE 1980 AL 24 DE AGOSTO DE 1980
C23304044,VICENTE PATRICIO,SENDE,ABAGA,Licenciatura en Administración,3 DE ENERO DE 1983 AL 2 DE JULIO DE 1983
C97306298,LILIANA GRACIELA,DE LA HORRA,ARANIBAR,Licenciatura en Administración,14 DE NOVIEMBRE DE 2012 AL 13 DE MAYO DE 2013
C90306328,MARTHA ESPERANZA,MORELLON,GRIJALVA,Ingeniería en Electrónica,29 DE SEPTIEMBRE DE 2014 AL 28 DE MARZO DE 2015
C95300533,JUANA SOFIA,PESQUEIRA,ALTED,Licenciatura en Contaduría,6 DE DICIEMBRE DE 2011 AL 3 DE JUNIO DE 2012
C82306669,ADI,AYELA,MIHAIL,Ingeniería en Electrónica,6 DE MAYO DE 1984 AL 2 DE NOVIEMBRE DE 1984
C97305278,AMPARO MILAGROS,BEMPOSTA,HONTANA,Licenciatura en Administración,17 DE FEBRERO DE 2016 AL 15 DE AGOSTO DE 2016
C77303934,MIMUNT,ALENDA,ANTEPARA,Ingeniería Industrial,17 DE JULIO DE 2003 AL 13 DE ENERO DE 2004
C79307483,HAKKOUM,HERMOSA,PATAU,Ingeniería en Sistemas Computacionales,16 DE JUNIO DE 1998 AL 13 DE DICIEMBRE DE 1998
C91308491,ANA CRISTO,REDA,KOWALSKI,Ingeniería en Sistemas Computacionales,25 DE JULIO DE 2003 AL 21 DE ENERO DE 2004
C05302338,LEOPOLDO LUIS,HEREZA,BERENGENA,Licenciatura en Contaduría,1 DE FEBRERO DE 2013 AL 31 DE JULIO DE 2013
C05302427,INMACULADA LUCIA,SALUEÑA,SANTIGOSA,Ingeniería en Electrónica,15 DE NOVIEMBRE DE 1980 AL 14 DE MAYO DE 1981
74306039,MARIA MAXIMINA,GARDA,VEZ,Ingeniería en Electrónica,3 DE DICIEMBRE DE 1977 AL 1 DE JUNIO DE 1978
C85308817,SVIATLANA,MATURANA,DANI,Licenciatura en Contaduría,24 DE OCTUBRE DE 1998 AL 22 DE ABRIL DE 1999
C05300559,AROA CARMEN,OLAR,MONTOTO,Ingeniería Industrial,11 DE SEPTIEMBRE DE 1974 AL 10 DE MARZO DE 1975
C20301057,THOMAS,ARTIME,BADIU,Licenciatura en Administración,11 DE SEPTIEMBRE DE 1980 AL 10 DE MARZO DE 1981
C17302652,BELLA GEMA,TIEMBLO,VEGAS,Licenciatura en Contaduría,9 DE ENERO DE 1981 AL 8 DE JULIO DE 1981
C76304292,JHON PAUL,CAÑAVATE,POCURULL,Ingeniería en Electrónica,29 DE ABRIL DE 1990 AL 26 DE OCTUBRE DE 1990
15308784,OVIDIO,CANTALLOPS,PUIGDOMENECH,Licenciatura en Contaduría,19 DE ABRIL DE 2001 AL 16 DE OCTUBRE DE 2001
93307554,NICOLAE FLORIN,SOGORB,BERBEGAL,Ingeniería en Electrónica,4 DE OCTUBRE DE 1978 AL 2 DE ABRIL DE 1979
C82308351,DANIEL LORENZO,SUILS,WIECZOREK,Ingeniería en Sistemas Computacionales,31 DE AGOSTO DE 1982 AL 27 DE FEBRERO DE 1983
98309884,ANTHONY GEORGE,FIGULS,ANDINA,Ingeniería Industrial,2 DE SEPTIEMBRE DE 1992 AL 1 DE MARZO DE 1993
C78300643,JIANLING,DEL RINCON,ATIF,Ingeniería en Electrónica,29 DE ENERO DE 1986 AL 28 DE JULIO DE 1986
85305113,IMMACULADA,SABATER,UGIA,Licenciatura en Contaduría,29 DE NOVIEMBRE DE 2005 AL 28 DE MAYO DE 2006
77304208,LUZ MARLENY,PERLAZA,FORMIGO,Licenciatura en Administración,16 DE FEBRERO DE 1993 AL 15 DE AGOSTO DE 1993
C16300293,PAULA ANA,DEL DEDO,MELCHOR,Ingeniería en Sistemas Computacionales,24 DE MAYO DE 2007 AL 20 DE NOVIEMBRE DE 2007
C03303591,DIARRA,BAGLIETTO,WIECZOREK,Ingeniería en Sistemas Computacionales,28 DE ABRIL DE 1982 AL 25 DE OCTUBRE DE 1982
C25302505,ANDRIAN,RICO,COMAN,Ingeniería en Electrónica,25 DE JULIO DE 2008 AL 21 DE ENERO DE 2009
C23303795,TSVETOMIRA,CAPRARU,VILLAFAINA,Licenciatura en Contaduría,22 DE OCTUBRE DE 2014 AL 20 DE ABRIL DE 2015
C79301919,BODO,BOUHAMID,RAMILA,Licenciatura en Contaduría,23 DE DICIEMBRE DE 2013 AL 21 DE JUNIO DE 2014
C20305177,ALESSIO,LAGUNA,SPINELLI,Ingeniería Industrial,3 DE ABRIL DE 1998 AL 30 DE SEPTIEMBRE DE 1998
76304594,SANTIAGO RAFAEL,CHELH,DURBA,Licenciatura en Administración,22 DE FEBRERO DE 1996 AL 20 DE AGOSTO DE 1996
96303336,GEOFREY,TRICAS,NAPOLES,Ingeniería en Electrónica,9 DE ENERO DE 1992 AL 7 DE JULIO DE 1992
C75308626,LAURA MONICA,CROITORU,DE LA MANO,Licenciatura en Administración,18 DE SEPTIEMBRE DE 2010 AL 17 DE MARZO DE 2011
C20303487,ROMAS,PLOU,TINAJO,Licenciatura en Contaduría,7 DE DICIEMBRE DE 1982 AL 5 DE JUNIO DE 1983
C21303824,DESIRE,CORVINOS,MATOSES,Ingeniería Industrial,11 DE JUNIO DE 1975 AL 8 DE DICIEMBRE DE 1975
C16308646,AZEDDINE,UCETA,CARSI,Licenciatura en Administración,2 DE SEPTIEMBRE DE 1995 AL 29 DE FEBRERO DE 1996
C88306670,ADRIANA INES,LAFUENTE,DAVIDSON,Ingeniería en Electrónica,8 DE ENERO DE 2016 AL 6 DE JULIO DE 2016
C95307034,AZOUZ,JORGE,MOREU,Ingeniería en Electrónica,10 DE FEBRERO DE 1980 AL 8 DE AGOSTO DE 1980
C81303674,EDMUNDO JOSE,AGRAFOJO,GIGOSOS,Ingeniería en Sistemas Computacionales,11 DE MARZO DE 2003 AL 7 DE SEPTIEMBRE DE 2003
C89302590,JOSE GEOVANNY,PULPILLO,ARVELO,Ingeniería Industrial,7 DE ENERO DE 1994 AL 6 DE JULIO DE 1994
18302793,ATANAS DIMITROV,BEIVIDE,ALMERGE,Ingeniería en Sistemas Computacionales,29 DE MAYO DE 2020 AL 25 DE NOVIEMBRE DE 2020
97309375,JOSEP PAU,MESIAS,EZE,Licenciatura en Contaduría,29 DE FEBRERO DE 1976 AL 27 DE AGOSTO DE 1976
C76303591,KIRSTY,BARREALES,CUI,Licenciatura en Contaduría,23 DE ENERO DE 2016 AL 21 DE JULIO DE 2016
18309464,EFIGENIA,ARTEAGOITIA,CORBAL,Ingeniería en Electrónica,29 DE ENERO DE 1978 AL 28 DE JULIO DE 1978
C23309764,ANDRES RODRIGO,BOBE,DEL BUSTO,Ingeniería en Electrónica,26 DE SEPTIEMBRE DE 1983 AL 24 DE MARZO DE 1984
19305539,CONCEPCION CRISTINA,ROBERTO,NICAS,Licenciatura en Contaduría,23 DE MARZO DE 1983 AL 19 DE SEPTIEMBRE DE 1983
C84301496,CONSTANTIN DANUT,VERDU,CORVO,Licenciatura en Contaduría,10 DE MARZO DE 1978 AL 6 DE SEPTIEMBRE DE 1978
C76302000,DIEGO JULIO,MBATHIE,EL KHADIR,Ingeniería en Electrónica,13 DE MARZO DE 1985 AL 9 DE SEPTIEMBRE DE 1985
79305450,GEORGE JAMES,LONGARELA,OTERO,Ingeniería Industrial,8 DE AGOSTO DE 1978 AL 4 DE FEBRERO DE 1979
C16306257,SERGIO ORLANDO,PLATERO,ORTEGO,Ingeniería en Sistemas Computacionales,26 DE MAYO DE 1990 AL 22 DE NOVIEMBRE DE 1990
84301001,WILLIAM RONALD,ORREQUIA,FOJ,Licenciatura en Administración,21 DE MARZO DE 1989 AL 17 DE SEPTIEMBRE DE 1989
C92301049,ISABEL NURIA,HERNANDO,ALTIERI,Ingeniería en Electrónica,27 DE JULIO DE 2002 AL 23 DE ENERO DE 2003
79304376,ANGELA ESTHER,BERNARD,SILANES,Licenciatura en Contaduría,22 DE OCTUBRE DE 1977 AL 20 DE ABRIL DE 1978
C81309321,SABIRA,SOLVEZ,ALBAR,Ingeniería en Sistemas Computacionales,15 DE JUNIO DE 2007 AL 12 DE DICIEMBRE DE 2007
79303586,LUIS GABRIEL,ALVERO,SISSOKO,Licenciatura en Administración,23 DE JUNIO DE 2021 AL 20 DE DICIEMBRE DE 2021
78302556,VIKTORIJA,TSVETKOV,MOCHALES,Licenciatura en Administración,24 DE DICIEMBRE DE 2017 AL 22 DE JUNIO DE 2018
C91309502,CANDELA CARMEN,ALCAÑIZ,CUADRILLERO,Licenciatura en Administración,12 DE SEPTIEMBRE DE 1996 AL 11 DE MARZO DE 1997
91304220,AGUSTIN MANUEL,RANGIL,ARAOZ,Ingeniería en Electrónica,4 DE NOVIEMBRE DE 1994 AL 3 DE MAYO DE 1995
C97305207,JOSEFA DELFINA,BRUMA,ALCON,Ingeniería en Electrónica,1 DE ENERO DE 1987 AL 30 DE JUNIO DE 1987
C25302514,EXUPERANCIO,BRUGULAT,ESTRUGA,Licenciatura en Administración,12 DE SEPTIEMBRE DE 1988 AL 11 DE MARZO DE 1989
C12303458,MARIA UXIA,YAGUAL,GARCIA ESCRIBANO,Licenciatura en Administración,14 DE AGOSTO DE 1998 AL 10 DE FEBRERO DE 1999
09309695,JOEL SEBASTIAN,FATEH,BUÑO,Licenciatura en Administración,4 DE NOVIEMBRE DE 2003 AL 2 DE MAYO DE 2004
20308601,HUGO ARIEL,EL BOUAZZATI,OBREO,Licenciatura en Administración,12 DE JULIO DE 2025 AL 8 DE ENERO DE 2026
C02307018,TOMASZ JAN,ALBISUA,ABELLO,Ingeniería en Electrónica,20 DE ABRIL DE 1976 AL 17 DE OCTUBRE DE 1976
C76309325,CATALINA,GARAYALDE,BARSAN,Ingeniería Industrial,25 DE ABRIL DE 1987 AL 22 DE OCTUBRE DE 1987
C11304876,CRISTINA OLGA,MASON,MIDDLETON,Licenciatura en Administración,16 DE JULIO DE 1995 AL 12 DE ENERO DE 1996
C85305563,SEBASTIAN ALONSO,HOZ,GIADAS,Licenciatura en Contaduría,10 DE JUNIO DE 1982 AL 7 DE DICIEMBRE DE 1982
C97300789,SUREN,IÑIGUEZ DE HEREDIA,ROWLAND,Ingeniería en Sistemas Computacionales,13 DE MARZO DE 1985 AL 9 DE SEPTIEMBRE DE 1985
C02302122,JUANA BEGOÑA,CULLERE,MAYRATA,Licenciatura en Administración,12 DE JULIO DE 2006 AL 8 DE ENERO DE 2007
C05302608,DAISY MARIA,BOUKHRISS,MAIRELES,Licenciatura en Contaduría,6 DE JUNIO DE 1978 AL 3 DE DICIEMBRE DE 1978
02305932,TAMTA,ROGADO,ALIJA,Licenciatura en Administración,2 DE SEPTIEMBRE DE 1982 AL 1 DE MARZO DE 1983
13305625,DILAN,FRONTELO,PULUPA,Ingeniería Industrial,11 DE NOVIEMBRE DE 1975 AL 9 DE MAYO DE 1976
74306064,LORENZO MARIA,SEMPERE,CROSS,Ingeniería en Sistemas Computacionales,11 DE ABRIL DE 1987 AL 8 DE OCTUBRE DE 1987
C99304558,SONIA DOLORES,HUAPAYA,CORTEZ,Ingeniería en Sistemas Computacionales,24 DE FEBRERO DE 2025 AL 23 DE AGOSTO DE 2025
C16308821,EL YAKOUT,ENGO,CURCO,Licenciatura en Contaduría,12 DE JULIO DE 2021 AL 8 DE ENERO DE 2022
03301211,ANDREA EUGENIA,BERASTEGUI,KOWALCZYK,Licenciatura en Contaduría,1 DE MARZO DE 2017 AL 28 DE AGOSTO DE 2017
84303098,EVA TAMARA,AZZOUZ,SANTIAÑEZ,Ingeniería en Sistemas Computacionales,27 DE MARZO DE 1998 AL 23 DE SEPTIEMBRE DE 1998
C94304284,JOSE FIDEL,MEDAN,CARCABOSO,Ingeniería Industrial,30 DE AGOSTO DE 2009 AL 26 DE FEBRERO DE 2010
C17300760,MARLENY SOCORRO,ACINAS,BAY,Ingeniería en Sistemas Computacionales,30 DE JUNIO DE 2009 AL 27 DE DICIEMBRE DE 2009
95308122,MARUJA,QUIRANTE,KADIRI,Licenciatura en Contaduría,12 DE MAYO DE 2024 AL 8 DE NOVIEMBRE DE 2024
C80301494,VALENTIN STEFAN,MANESCU,GONZALEZ ALLER,Ingeniería en Electrónica,18 DE MARZO DE 2010 AL 14 DE SEPTIEMBRE DE 2010
08301982,YUFEI,MEGINO,TAMES,Ingeniería Industrial,20 DE NOVIEMBRE DE 1974 AL 19 DE MAYO DE 1975
21307929,DULCERINA,ALBUIXECH,AUGUSTA,Ingeniería en Electrónica,19 DE JUNIO DE 2013 AL 16 DE DICIEMBRE DE 2013
C76307821,TRINIDAD ESTHER,GUSANO,SEBASTIANES,Ingeniería en Sistemas Computacionales,7 DE DICIEMBRE DE 2003 AL 4 DE JUNIO DE 2004
15300399,MANUEL ALEXANDRE,LIZ,KIS,Licenciatura en Contaduría,9 DE JUNIO DE 1975 AL 6 DE DICIEMBRE DE 1975
C08307679,CHERYL ANNE,MASOT,BROSSA,Licenciatura en Contaduría,13 DE ENERO DE 2024 AL 11 DE JULIO DE 2024
C83302949,ROSEMARY ANNE,ULLIBARRI,BELMONTE,Ingeniería Industrial,15 DE JUNIO DE 1995 AL 12 DE DICIEMBRE DE 1995
01300323,LILLA,CAMPRODON,GORTARI,Ingeniería en Electrónica,14 DE MAYO DE 2009 AL 10 DE NOVIEMBRE DE 2009
C04300814,ADRIAN MOISES,HORNE,ABREGO,Ingeniería en Electrónica,29 DE OCTUBRE DE 1974 AL 27 DE ABRIL DE 1975
C81301993,VICTOR CARLOS,NOEL,MAYORA,Ingeniería en Sistemas Computacionales,30 DE ABRIL DE 2021 AL 27 DE OCTUBRE DE 2021
81308370,SOMIA,MANDA,SIVILL,Ingeniería en Sistemas Computacionales,1 DE MARZO DE 1977 AL 28 DE AGOSTO DE 1977
08305606,NIDAE,MINAYA,ORODEA,Ingeniería en Sistemas Computacionales,30 DE DICIEMBRE DE 2007 AL 27 DE JUNIO DE 2008
04305444,JINCHAI,PAYAN,DAHMAN,Ingeniería en Sistemas Computacionales,11 DE ENERO DE 1986 AL 10 DE JULIO DE 1986
C16302134,HOSAIN,TEJADA,CASTELLARNAU,Ingeniería en Electrónica,15 DE JULIO DE 1979 AL 11 DE ENERO DE 1980
C05309346,EDWIN ALEXANDER,AUBA,DAVIDSON,Ingeniería en Electrónica,25 DE ENERO DE 1987 AL 24 DE JULIO DE 1987
76302151,JULIO ARMANDO,CUERO,ITURRIA,Licenciatura en Administración,19 DE SEPTIEMBRE DE 1979 AL 17 DE MARZO DE 1980
C06304359,RUTH NOEMI,FIGUEROA,COEGO,Ingeniería en Sistemas Computacionales,15 DE AGOSTO DE 2004 AL 11 DE FEBRERO DE 2005
81305454,LEONARDO RAMON,PRISACARIU,CHAMLAL,Ingeniería en Sistemas Computacionales,23 DE FEBRERO DE 1987 AL 22 DE AGOSTO DE 1987
24302382,BRIAN DANIEL,NASSER,DE VARGAS,Ingeniería en Sistemas Computacionales,26 DE FEBRERO DE 2004 AL 24 DE AGOSTO DE 2004
21305011,YELENA,PEJENAUTE,ISPIERTO,Licenciatura en Administración,9 DE JUNIO DE 2018 AL 6 DE DICIEMBRE DE 2018
C82307047,MATIAS ANTONIO,NUÑO,JABRANE,Licenciatura en Contaduría,13 DE MAYO DE 1980 AL 9 DE NOVIEMBRE DE 1980
C81304288,MICHEL GEORGES,BARNA,HABIB,Ingeniería en Sistemas Computacionales,12 DE AGOSTO DE 2017 AL 8 DE FEBRERO DE 2018
C07302311,CARMEN JULIA,SALI,JARRIN,Ingeniería en Electrónica,17 DE SEPTIEMBRE DE 1985 AL 16 DE MARZO DE 1986
C04303023,GLORIA NIEVES,SACKO,INACIO,Licenciatura en Contaduría,17 DE FEBRERO DE 2008 AL 15 DE AGOSTO DE 2008
84302927,LUCILE,CHILLARON,AIT,Ingeniería en Sistemas Computacionales,13 DE JULIO DE 1992 AL 9 DE ENERO DE 1993
C77307963,MARYAN,PEREZ SERRANO,VALDERRAMA,Licenciatura en Administración,1 DE JUNIO DE 2000 AL 28 DE NOVIEMBRE DE 2000
C04301811,VICENTE,ORCAJO,LETOSA,Ingeniería en Electrónica,1 DE DICIEMBRE DE 1984 AL 30 DE MAYO DE 1985
09306970,DAMIAN ALEXANDER,BONA,CELIS,Ingeniería Industrial,1 DE NOVIEMBRE DE 2003 AL 29 DE ABRIL DE 2004
10308810,DANIELA PAZ,SELDAS,DAGUERRE,Licenciatura en Contaduría,13 DE JULIO DE 1986 AL 9 DE ENERO DE 1987
22300765,SHUPING,LOPEZ DE LOS MOZOS,BASCO,Licenciatura en Contaduría,29 DE SEPTIEMBRE DE 2015 AL 27 DE MARZO DE 2016
11307086,LEONOR PATRICIA,RIGOL,BULGARU,Ingeniería en Electrónica,25 DE NOVIEMBRE DE 1986 AL 24 DE MAYO DE 1987
15305626,URSICINO,PICH,SIKORA,Ingeniería en Sistemas Computacionales,17 DE JUNIO DE 2024 AL 14 DE DICIEMBRE DE 2024
C76304728,RENATA BARBARA,GARRUCHO,TURA,Licenciatura en Contaduría,31 DE OCTUBRE DE 1991 AL 28 DE ABRIL DE 1992
79303388,DAVID CRISTOBAL,TOMUTA,CAPELLADES,Ingeniería en Sistemas Computacionales,23 DE MARZO DE 1996 AL 19 DE SEPTIEMBRE DE 1996
C92304517,NARJISS,ARBOL,TAOUATI,Ingeniería en Electrónica,10 DE FEBRERO DE 2003 AL 9 DE AGOSTO DE 2003
C01309311,IURDANA,FOLGUERAL,DOLADO,Licenciatura en Administración,20 DE SEPTIEMBRE DE 2015 AL 18 DE MARZO DE 2016
C20306858,JESSICA PAOLA,EL ARBAOUI,ALTED,Ingeniería en Electrónica,25 DE ABRIL DE 2019 AL 22 DE OCTUBRE DE 2019
C91304146,JOSE SILVERIO,VAIDA,WATSON,Licenciatura en Contaduría,27 DE FEBRERO DE 1998 AL 26 DE AGOSTO DE 1998
94307830,PABLO ANTONIO,ESCARDA,AYMAR,Licenciatura en Contaduría,10 DE NOVIEMBRE DE 2009 AL 9 DE MAYO DE 2010
76308731,AMALIA DOLORES,SUÑER,CASAO,Ingeniería Industrial,23 DE OCTUBRE DE 2004 AL 21 DE ABRIL DE 2005
96305828,MARIA JESUSA,PRESA,JUTGLAR,Licenciatura en Contaduría,30 DE ENERO DE 1975 AL 29 DE JULIO DE 1975
22306643,ULPIANO,ESCALANTE,FERNANDEZ VEGA,Ingeniería en Sistemas Computacionales,2 DE JULIO DE 2023 AL 29 DE DICIEMBRE DE 2023
C93307072,JUAN RAMON,EL ALAOUI,BERJAGA,Ingeniería en Sistemas Computacionales,9 DE NOVIEMBRE DE 2002 AL 8 DE MAYO DE 2003
08305811,HENRY ALBERTO,AGUSTIN,SANJORGE,Licenciatura en Administración,28 DE NOVIEMBRE DE 1979 AL 26 DE MAYO DE 1980
15302431,CHRISTINE MAY,BRYAN,JAAFARI,Licenciatura en Contaduría,18 DE SEPTIEMBRE DE 1993 AL 17 DE MARZO DE 1994
10303769,EVA VIRGINIA,REBOLO,MARTINELL,Licenciatura en Contaduría,13 DE JULIO DE 1977 AL 9 DE ENERO DE 1978
75300996,DIPA,CALVACHE,STAVARACHE,Ingeniería en Sistemas Computacionales,2 DE ABRIL DE 2016 AL 29 DE SEPTIEMBRE DE 2016
C79306780,JAN MICHAEL,JARRETA,SUBIROS,Licenciatura en Administración,28 DE JULIO DE 1991 AL 24 DE ENERO DE 1992
C12308446,HLAL,PAGES,URDILLO,Licenciatura en Administración,20 DE SEPTIEMBRE DE 1990 AL 19 DE MARZO DE 1991
C77307601,SANDRA PAULINA,STOILOVA,INIESTO,Ingeniería en Electrónica,2 DE ABRIL DE 1996 AL 29 DE SEPTIEMBRE DE 1996
C23302029,OVIDIU NICOLAE,BALMAÑA,DAGO,Licenciatura en Contaduría,6 DE MAYO DE 1974 AL 2 DE NOVIEMBRE DE 1974
C79304425,EXPEDITA,LONGARTE,EGUES,Ingeniería en Sistemas Computacionales,12 DE OCTUBRE DE 2008 AL 10 DE ABRIL DE 2009
C25303594,FRANCISCUS JOHANNES,BOROS,BALDUZ,Ingeniería Industrial,23 DE NOVIEMBRE DE 1980 AL 22 DE MAYO DE 1981
23308414,RENU,MONTEMAYOR,BONFILL,Licenciatura en Administración,29 DE ABRIL DE 1997 AL 26 DE OCTUBRE DE 1997
85301388,KHITAM,DAMOTA,PASTO,Ingeniería en Sistemas Computacionales,8 DE OCTUBRE DE 2015 AL 5 DE ABRIL DE 2016
C06302198,JOAO BAPTISTA,LENZA,LUCENO,Ingeniería Industrial,17 DE FEBRERO DE 1977 AL 16 DE AGOSTO DE 1977
C12304970,ANA DESAMPARADOS,PONSODA,ZAMORO,Ingeniería en Sistemas Computacionales,11 DE JUNIO DE 2001 AL 8 DE DICIEMBRE DE 2001
22301580,KONATE,GARRASTAZU,ILARDUYA,Licenciatura en Administración,11 DE MARZO DE 1987 AL 7 DE SEPTIEMBRE DE 1987
82301256,SANJEEV,PENG,FERRER,Ingeniería en Electrónica,17 DE FEBRERO DE 2001 AL 16 DE AGOSTO DE 2001
23308319,RICARDO ALEXANDER,DISLA,FEU,Ingeniería Industrial,13 DE SEPTIEMBRE DE 2019 AL 11 DE MARZO DE 2020
C91307116,DAN ANDREI,TICA,TUÑON,Ingeniería en Electrónica,4 DE JULIO DE 1994 AL 31 DE DICIEMBRE DE 1994
12308512,ZOHORA,NOGAREDA,MAIRAL,Ingeniería en Electrónica,11 DE MAYO DE 1984 AL 7 DE NOVIEMBRE DE 1984
14300049,WILLIAM FREDERICK,GUICH,RITTER,Ingeniería en Electrónica,31 DE JULIO DE 1975 AL 27 DE ENERO DE 1976
81304257,JOSEPHINE ANNE,SANCHEZ CABEZUDO,HU,Ingeniería Industrial,15 DE OCTUBRE DE 2013 AL 13 DE ABRIL DE 2014
C04303143,SERGIO JORGE,PAJARIN,GUITIAN,Ingeniería Industrial,29 DE SEPTIEMBRE DE 2000 AL 28 DE MARZO DE 2001
C90302401,LAURA ALEJANDRA,CALVA,AZCUE,Ingeniería en Sistemas Computacionales,15 DE ENERO DE 1996 AL 13 DE JULIO DE 1996
C21309003,FRANCISCA PILAR,MAGAÑA,COFRADE,Licenciatura en Administración,9 DE SEPTIEMBRE DE 1974 AL 8 DE MARZO DE 1975
99307499,NIURKA,LAHMIDI,PETREA,Ingeniería en Electrónica,29 DE AGOSTO DE 1989 AL 25 DE FEBRERO DE 1990
C10307276,ERNESTO GABRIEL,TAVARES,ASTOR,Ingeniería Industrial,14 DE SEPTIEMBRE DE 2015 AL 12 DE MARZO DE 2016
C96309573,EVA ASUNCION,CASADO,CAPELLIN,Ingeniería en Electrónica,3 DE FEBRERO DE 2008 AL 1 DE AGOSTO DE 2008
97308356,JORGE ISAAC,GARZAS,PALMIER,Ingeniería en Electrónica,8 DE NOVIEMBRE DE 2017 AL 7 DE MAYO DE 2018
13304385,ANA BELKIS,ORCERA,IRAGORRI,Licenciatura en Administración,9 DE NOVIEMBRE DE 1988 AL 8 DE MAYO DE 1989
C08303610,ROSA BENIGNA,NAFRIA,RAYO,Licenciatura en Contaduría,13 DE SEPTIEMBRE DE 2007 AL 11 DE MARZO DE 2008
80309989,MARIA HUERTO,DE HERAS,CASABAYO,Ingeniería en Sistemas Computacionales,17 DE JUNIO DE 1974 AL 14 DE DICIEMBRE DE 1974
C92302697,TASSNIM,MERLE,GRANDA,Ingeniería en Electrónica,22 DE AGOSTO DE 1989 AL 18 DE FEBRERO DE 1990
C03308910,JOLITA,MAÑO,MARTIN DEL CAMPO,Ingeniería Industrial,10 DE NOVIEMBRE DE 1992 AL 9 DE MAYO DE 1993
89306102,IKBAL,VERT,LEGARRA,Licenciatura en Contaduría,25 DE SEPTIEMBRE DE 1976 AL 24 DE MARZO DE 1977
C85303333,MARIA CENELIA,PINZARU,RUSCALLEDA,Licenciatura en Administración,7 DE ABRIL DE 2017 AL 4 DE OCTUBRE DE 2017
C98309358,OLGA DELIA,COSTALAGO,RIBE,Licenciatura en Administración,3 DE SEPTIEMBRE DE 1994 AL 2 DE MARZO DE 1995
20305629,ADINA MARIA,ZAFAR,PRUNERA,Ingeniería Industrial,17 DE DICIEMBRE DE 2000 AL 15 DE JUNIO DE 2001
C04306620,ELBA CRISTINA,JURIO,CAPITAS,Licenciatura en Contaduría,5 DE JUNIO DE 1991 AL 2 DE DICIEMBRE DE 1991
22304821,JESUS ABEL,MARQUES,AGHBALOU,Ingeniería Industrial,31 DE MAYO DE 1981 AL 27 DE NOVIEMBRE DE 1981
86305416,DIANA RAQUEL,CALAS,CORONA,Ingeniería en Sistemas Computacionales,25 DE MARZO DE 1999 AL 21 DE SEPTIEMBRE DE 1999
04309252,MONDAY,ARAS,AVELINO,Licenciatura en Contaduría,29 DE MARZO DE 2002 AL 25 DE SEPTIEMBRE DE 2002
C23308248,ANDREA BEATRIZ,BASARTE,DEL SOLAR,Licenciatura en Administración,5 DE MAYO DE 1995 AL 1 DE NOVIEMBRE DE 1995
C75308973,ALTAGRACIA,BERGADA,BAÑOL,Ingeniería en Sistemas Computacionales,27 DE NOVIEMBRE DE 2011 AL 25 DE MAYO DE 2012
97305899,GEORGE FLORIN,SORUCO,RAHIM,Licenciatura en Contaduría,4 DE ABRIL DE 1984 AL 1 DE OCTUBRE DE 1984
97307748,MARIA DESIRE,ROCABRUNA,REBULL,Ingeniería en Electrónica,21 DE MAYO DE 1998 AL 17 DE NOVIEMBRE DE 1998
77300834,ANGEL ISAAC,PROFITOS,MAYANS,Ingeniería Industrial,1 DE OCTUBRE DE 2001 AL 30 DE MARZO DE 2002
C23300317,ARQUIMIDES,PELLICO,GAROLERA,Licenciatura en Contaduría,19 DE SEPTIEMBRE DE 1977 AL 18 DE MARZO DE 1978
20307392,ELVIRA BEATRIZ,JABER,LIGORRED,Ingeniería en Sistemas Computacionales,25 DE NOVIEMBRE DE 1982 AL 24 DE MAYO DE 1983
22301027,ZION,MARCULETA,PIRO,Ingeniería en Sistemas Computacionales,8 DE JULIO DE 1974 AL 4 DE ENERO DE 1975
82308929,KIKO,ANGHEL,SERER,Ingeniería en Sistemas Computacionales,18 DE NOVIEMBRE DE 1976 AL 17 DE MAYO DE 1977
C13309637,MARIEKE,MAIRA,SOLEY,Ingeniería en Sistemas Computacionales,17 DE ABRIL DE 2004 AL 14 DE OCTUBRE DE 2004
10304280,DIANA INES,GARVI,CLARK,Licenciatura en Contaduría,29 DE MARZO DE 1993 AL 25 DE SEPTIEMBRE DE 1993
C98303627,JOSEFINA TERESA,MONTAÑEZ,NICIEZA,Licenciatura en Administración,24 DE ABRIL DE 2013 AL 21 DE OCTUBRE DE 2013
87301961,CASTORINA,VLAICU,CARREGAL,Ingeniería en Sistemas Computacionales,3 DE DICIEMBRE DE 1983 AL 31 DE MAYO DE 1984
C00306849,OLGA EUGENIA,RITE,RACERO,Ingeniería Industrial,18 DE JUNIO DE 1976 AL 15 DE DICIEMBRE DE 1976
C90308307,LYNDA JANE,TEVA,KHARRAZ,Ingeniería Industrial,12 DE FEBRERO DE 1981 AL 11 DE AGOSTO DE 1981
C04309862,LUISA AMANDA,NACAR,BOTICA,Ingeniería Industrial,24 DE ENERO DE 1999 AL 23 DE JULIO DE 1999
80305755,JAMES BRIAN,MA,GORDALIZA,Licenciatura en Administración,26 DE DICIEMBRE DE 1987 AL 23 DE JUNIO DE 1988
78304290,FELIX DAVID,EGIO,SELLARES,Ingeniería en Electrónica,3 DE DICIEMBRE DE 2016 AL 1 DE JUNIO DE 2017
C89304651,MICHAL,ANELO,MARADIAGA,Ingeniería en Sistemas Computacionales,24 DE ABRIL DE 1974 AL 21 DE OCTUBRE DE 1974
09306280,MARIA CIRILA,VILLAREAL,HERNAN,Ingeniería Industrial,6 DE AGOSTO DE 1978 AL 2 DE FEBRERO DE 1979
C98303401,ELIZABETH ALEJANDRA,VERGES,OLIVO,Licenciatura en Administración,25 DE OCTUBRE DE 1988 AL 23 DE ABRIL DE 1989
07309410,ANDREW STUART,FREIJOMIL,BOSOM,Ingeniería Industrial,8 DE JULIO DE 2013 AL 4 DE ENERO DE 2014
C88302526,ANDRES GONZALO,MANCINI,SAYANS,Ingeniería Industrial,30 DE MARZO DE 1989 AL 26 DE SEPTIEMBRE DE 1989
C84303993,MARIA GRANADA,MANGUE,NAIM,Licenciatura en Administración,21 DE OCTUBRE DE 1980 AL 19 DE ABRIL DE 1981
C77306536,SEBASTIAN FELIPE,CARCHENILLA,STUART,Ingeniería Industrial,21 DE SEPTIEMBRE DE 2021 AL 20 DE MARZO DE 2022
C88309365,ALEX ENRIQUE,BARUA,GONELL,Licenciatura en Contaduría,23 DE AGOSTO DE 2005 AL 19 DE FEBRERO DE 2006
05304488,JULIO DAVID,GARNER,ECHABURU,Ingeniería Industrial,8 DE FEBRERO DE 2025 AL 7 DE AGOSTO DE 2025
02302333,IDELFONSO,TORNER,ARRAEZ,Ingeniería en Sistemas Computacionales,12 DE JUNIO DE 2017 AL 9 DE DICIEMBRE DE 2017
C78301437,TROND,BELIO,MATAIX,Ingeniería Industrial,9 DE OCTUBRE DE 2008 AL 7 DE ABRIL DE 2009
97305490,HIBA,NOBLEJAS,CHAKIRI,Licenciatura en Contaduría,12 DE ENERO DE 2025 AL 11 DE JULIO DE 2025
09305287,OIER,SINOGA,BESPIN,Licenciatura en Administración,6 DE AGOSTO DE 1982 AL 2 DE FEBRERO DE 1983
C23302420,DANIEL NICOLAS,JORQUERA,MEDALL,Licenciatura en Administración,3 DE JUNIO DE 1981 AL 30 DE NOVIEMBRE DE 1981
C99304907,JOSE ELISARDO,ANGHEL,BASTARDAS,Licenciatura en Administración,1 DE AGOSTO DE 1994 AL 28 DE ENERO DE 1995
C92309500,CARLOS ISIDORO,ALACREU,SORIO,Licenciatura en Administración,19 DE ENERO DE 1978 AL 18 DE JULIO DE 1978
C86300316,IONUT LEONARD,DE GOÑI,MUXI,Licenciatura en Contaduría,1 DE SEPTIEMBRE DE 1997 AL 28 DE FEBRERO DE 1998
C74306372,KARAM,MOLINAS,SABUGAL,Ingeniería en Electrónica,19 DE JUNIO DE 2009 AL 16 DE DICIEMBRE DE 2009
C19308366,BI,MUÑAGORRI,WALTHER,Ingeniería Industrial,24 DE NOVIEMBRE DE 2005 AL 23 DE MAYO DE 2006
C06300557,MAMTA,IRUELA,GUARINOS,Ingeniería en Sistemas Computacionales,26 DE MARZO DE 2012 AL 22 DE SEPTIEMBRE DE 2012
99305554,CRISTINA AMPARO,MAHILLO,BANEGAS,Ingeniería Industrial,16 DE FEBRERO DE 1984 AL 14 DE AGOSTO DE 1984
C84302197,GREGORIO TOMAS,ALPERI,BOYLE,Licenciatura en Administración,25 DE MARZO DE 2023 AL 21 DE SEPTIEMBRE DE 2023
C18308464,GEMA VICTORIA,MONASOR,ESPIGA,Ingeniería en Electrónica,25 DE SEPTIEMBRE DE 2025 AL 24 DE MARZO DE 2026
C19308744,SYNNOVE,AVARGUES,UYA,Licenciatura en Administración,14 DE JULIO DE 1991 AL 10 DE ENERO DE 1992
05308363,SAMUEL PAUL,OBRADOR,SAGREDO,Ingeniería Industrial,2 DE DICIEMBRE DE 2023 AL 30 DE MAYO DE 2024
C85300375,LILIANE,PERARNAU,RIOLOBOS,Ingeniería Industrial,27 DE MARZO DE 1999 AL 23 DE SEPTIEMBRE DE 1999
C85300207,KAREN ELIZABET,BOLTON,DEBASA,Licenciatura en Administración,23 DE JUNIO DE 1982 AL 20 DE DICIEMBRE DE 1982
82304003,CARLOS ALEJO,CASIELLES,PORTUGAL,Ingeniería Industrial,20 DE NOVIEMBRE DE 2013 AL 19 DE MAYO DE 2014
11307111,YASAR,NACHER,MASSANAS,Ingeniería en Sistemas Computacionales,8 DE MARZO DE 1996 AL 4 DE SEPTIEMBRE DE 1996
C04302590,CELINE,MARTINEZ DE SAN VICENTE,LIZARAZO,Ingeniería en Electrónica,13 DE SEPTIEMBRE DE 1994 AL 12 DE MARZO DE 1995
C07309098,DANIEL ALBERTO,BELANDO,CAMUS,Ingeniería en Electrónica,28 DE FEBRERO DE 1983 AL 27 DE AGOSTO DE 1983
97306567,SAMBA,SUJAR,TARELA,Ingeniería Industrial,26 DE MAYO DE 1988 AL 22 DE NOVIEMBRE DE 1988
C83303040,ELENA DOINA,CHAIBI,PUERTES,Licenciatura en Administración,14 DE JUNIO DE 2003 AL 11 DE DICIEMBRE DE 2003
10309101,PEDRO ABELARDO,COLUNGA,REMARTINEZ,Ingeniería en Sistemas Computacionales,27 DE JUNIO DE 1977 AL 24 DE DICIEMBRE DE 1977
C81305741,MARTA CECILIA,TORMES,CASACUBERTA,Licenciatura en Contaduría,8 DE FEBRERO DE 1981 AL 7 DE AGOSTO DE 1981
C06302682,MIRCEA CATALIN,TESORO,SAWANEH,Licenciatura en Contaduría,18 DE JULIO DE 1993 AL 14 DE ENERO DE 1994
24309242,ION MARIAN,RODRIGUEZ DE GUZMAN,VERGE,Licenciatura en Contaduría,21 DE DICIEMBRE DE 1989 AL 19 DE JUNIO DE 1990
C94300160,HEPING,GARFIA,SZUCS,Ingeniería en Electrónica,27 DE MAYO DE 2011 AL 23 DE NOVIEMBRE DE 2011
20300929,JOHANNA,VIYUELA,SIMEONOVA,Ingeniería en Electrónica,23 DE FEBRERO DE 2022 AL 22 DE AGOSTO DE 2022
C13308282,GLADYS ROCIO,SARRIUGARTE,YELAMOS,Licenciatura en Contaduría,20 DE NOVIEMBRE DE 2012 AL 19 DE MAYO DE 2013
06304144,DEISE,ALBERT,SPENCE,Ingeniería en Electrónica,1 DE FEBRERO DE 1978 AL 31 DE JULIO DE 1978
C25303644,PAULINA CARMEN,ASINS,TALAMINO,Ingeniería Industrial,15 DE OCTUBRE DE 2002 AL 13 DE ABRIL DE 2003
19301888,NUBIA ESPERANZA,PEREZ DE ARRILUCEA,MELITON,Licenciatura en Administración,25 DE JUNIO DE 2015 AL 22 DE DICIEMBRE DE 2015
C24302987,JESUS ERNESTO,TARIN,CHAMBERLAIN,Licenciatura en Contaduría,31 DE OCTUBRE DE 1974 AL 29 DE ABRIL DE 1975
07306959,JUAN ALEXIS,FOX,JUANOS,Licenciatura en Administración,12 DE DICIEMBRE DE 1996 AL 10 DE JUNIO DE 1997
23302632,ALEXANDRA RALUCA,LOPEZ IBARRA,LISARDE,Ingeniería en Sistemas Computacionales,6 DE JULIO DE 2013 AL 2 DE ENERO DE 2014
14300456,ANGELIQUE,HERBELLA,GORINA,Ingeniería en Sistemas Computacionales,21 DE FEBRERO DE 1988 AL 19 DE AGOSTO DE 1988
10306926,BENEMERITO,BUA,LIQUETE,Licenciatura en Administración,21 DE ENERO DE 2018 AL 20 DE JULIO DE 2018
C84303766,SIGNE,GERARDO,ESPERON,Licenciatura en Administración,28 DE JULIO DE 2005 AL 24 DE ENERO DE 2006
81307588,FABIO,ANTIÑOLO,LANCHA,Licenciatura en Contaduría,27 DE DICIEMBRE DE 1974 AL 25 DE JUNIO DE 1975
87305605,NAOMI,TASENDE,GRACIAN,Ingeniería en Sistemas Computacionales,18 DE SEPTIEMBRE DE 1997 AL 17 DE MARZO DE 1998
C90305920,JOSE BENITO,VERACRUZ,LOSCERTALES,Licenciatura en Administración,29 DE OCTUBRE DE 1987 AL 26 DE ABRIL DE 1988
07303198,SOPHIE ANNE,BEASCOECHEA,ALCARAZ,Licenciatura en Contaduría,4 DE JULIO DE 1996 AL 31 DE DICIEMBRE DE 1996
13306682,JUANA RAFAELA,GODOS,CARRIZO,Ingeniería en Sistemas Computacionales,18 DE NOVIEMBRE DE 2016 AL 17 DE MAYO DE 2017
C94301359,LIDE,EL HARTI,AMOROSO,Licenciatura en Administración,17 DE MARZO DE 2012 AL 13 DE SEPTIEMBRE DE 2012
C81307999,MANUEL ROLANDO,PUIGBO,LAGOS,Licenciatura en Administración,13 DE NOVIEMBRE DE 2009 AL 12 DE MAYO DE 2010
C08302672,TIRSO,BER,BULPE,Ingeniería en Electrónica,10 DE MARZO DE 2014 AL 6 DE SEPTIEMBRE DE 2014
21301575,ORQUIDEA,CENICEROS,MILLARES,Licenciatura en Contaduría,26 DE JUNIO DE 1999 AL 23 DE DICIEMBRE DE 1999
C98309113,FADILA,ARZAC,COLINDRES,Ingeniería en Electrónica,24 DE AGOSTO DE 2020 AL 20 DE FEBRERO DE 2021
83304579,LOURDES BEATRIZ,MATITO,PAGOAGA,Licenciatura en Contaduría,22 DE NOVIEMBRE DE 2011 AL 20 DE MAYO DE 2012
21309874,CARMEN CORINA,CHILET,ALBORNOS,Ingeniería en Sistemas Computacionales,2 DE MARZO DE 2017 AL 29 DE AGOSTO DE 2017
C06306672,SIMON JOHN,OLEA,YUNGA,Ingeniería en Electrónica,31 DE OCTUBRE DE 2014 AL 29 DE ABRIL DE 2015
C83300568,CHRISTOPHER WILLIAM,CRESPI,PRINCIPE,Ingeniería en Sistemas Computacionales,5 DE JUNIO DE 1984 AL 2 DE DICIEMBRE DE 1984
C09300627,LARABI,ESTADES,LOMAS,Licenciatura en Administración,26 DE ABRIL DE 1981 AL 23 DE OCTUBRE DE 1981
C20309136,MICHEL PAUL,IKKEN,VILLASANTA,Licenciatura en Contaduría,19 DE ABRIL DE 1992 AL 16 DE OCTUBRE DE 1992
04303056,ROSARIO CONSUELO,BELZUNCES,AMIL,Licenciatura en Administración,17 DE MAYO DE 1996 AL 13 DE NOVIEMBRE DE 1996
20300158,WALTER DAVID,RICONDO,MARTIN ALBO,Ingeniería en Electrónica,29 DE MARZO DE 2019 AL 25 DE SEPTIEMBRE DE 2019
C87307962,EUNATE,CALVO,LAVERNIA,Ingeniería en Sistemas Computacionales,26 DE OCTUBRE DE 1980 AL 24 DE ABRIL DE 1981
C10303387,ADRIAN RAUL,TORRONTEGUI,ORMAETXEA,Ingeniería en Sistemas Computacionales,1 DE ENERO DE 1988 AL 29 DE JUNIO DE 1988
07305241,EVELYN ELIZABETH,CARROCERA,IMIZCOZ,Licenciatura en Administración,25 DE FEBRERO DE 1976 AL 23 DE AGOSTO DE 1976
03301212,ROGERIO,FERNANZ,CHETOUAN,Licenciatura en Contaduría,6 DE AGOSTO DE 2015 AL 2 DE FEBRERO DE 2016
06305681,PATRICIA MONTSERRAT,GALARRAGA,NUIN,Ingeniería Industrial,14 DE NOVIEMBRE DE 1998 AL 13 DE MAYO DE 1999
99302225,HARLEY,VERAMENDI,HORMIGOS,Ingeniería Industrial,7 DE JUNIO DE 2006 AL 4 DE DICIEMBRE DE 2006
09306232,ELBA MARIA,CHU,CIBREIRO,Licenciatura en Contaduría,17 DE ABRIL DE 1985 AL 14 DE OCTUBRE DE 1985
05307977,IBRAHIN,ZUNZARREN,SIQUIER,Ingeniería en Sistemas Computacionales,30 DE MAYO DE 2006 AL 26 DE NOVIEMBRE DE 2006
C09301000,JUNIOR JOSE,CISCAR,MODOL,Licenciatura en Contaduría,12 DE DICIEMBRE DE 1991 AL 9 DE JUNIO DE 1992
C82301432,MARIA PERLA,MOROCHO,ALOS,Licenciatura en Contaduría,3 DE DICIEMBRE DE 2024 AL 1 DE JUNIO DE 2025
C91301897,MARIA CORO,CONDADO,REGUE,Licenciatura en Administración,25 DE AGOSTO DE 1994 AL 21 DE FEBRERO DE 1995
C99305979,JOSE ALONSO,TABUENCA,ABAJAS,Licenciatura en Contaduría,3 DE JULIO DE 1987 AL 30 DE DICIEMBRE DE 1987
02301870,FILIBERTA,AGUIRREGABIRIA,PAIZ,Licenciatura en Contaduría,5 DE SEPTIEMBRE DE 1977 AL 4 DE MARZO DE 1978
C91300107,VASILE FLORIN,PRICOPE,MARRUEDO,Licenciatura en Contaduría,16 DE ABRIL DE 2011 AL 13 DE OCTUBRE DE 2011
10300933,DIEGO HERNAN,GOZALBES,URQUIZAR,Licenciatura en Administración,28 DE MAYO DE 2018 AL 24 DE NOVIEMBRE DE 2018
09306658,VICTORITA,GAS,ZAJARA,Licenciatura en Contaduría,5 DE DICIEMBRE DE 1979 AL 2 DE JUNIO DE 1980
C20308335,ROGER ANTONIO,MOLIST,LAUREIRO,Ingeniería en Sistemas Computacionales,9 DE FEBRERO DE 1974 AL 8 DE AGOSTO DE 1974
C11301134,SUMEI,VINCENT,MAHDI,Ingeniería en Electrónica,21 DE DICIEMBRE DE 2023 AL 18 DE JUNIO DE 2024
C22303785,ROSANA MABEL,LOYO,MONGUILOD,Ingeniería Industrial,5 DE NOVIEMBRE DE 2001 AL 4 DE MAYO DE 2002
99302355,PAULA MARIANA,SARACHO,VALLESPIR,Ingeniería en Electrónica,22 DE OCTUBRE DE 1996 AL 20 DE ABRIL DE 1997
C02309318,DAVID ERNESTO,VELICHKOV,ELORDI,Ingeniería en Sistemas Computacionales,20 DE DICIEMBRE DE 2000 AL 18 DE JUNIO DE 2001
25305426,JOSEFA BEATRIZ,DE ORO,SERRANO,Licenciatura en Contaduría,7 DE NOVIEMBRE DE 1994 AL 6 DE MAYO DE 1995
05305423,CHANG,FARRAY,CAMELO,Ingeniería Industrial,30 DE AGOSTO DE 1994 AL 26 DE FEBRERO DE 1995
06300571,ION ALEXANDRU,PEDROSA,CHARLON,Ingeniería en Sistemas Computacionales,1 DE OCTUBRE DE 1983 AL 29 DE MARZO DE 1984
08301594,BALJIT,AZOUAOUI,RIBELLES,Licenciatura en Administración,31 DE DICIEMBRE DE 2008 AL 29 DE JUNIO DE 2009
11300907,JESSICA YADIRA,CARDONA,JUARISTI,Ingeniería Industrial,19 DE MARZO DE 2008 AL 15 DE SEPTIEMBRE DE 2008
95300778,OLIVA,ALLUEVA,GRANADINO,Ingeniería Industrial,24 DE ABRIL DE 1997 AL 21 DE OCTUBRE DE 1997
22303757,DIANA PILAR,GENOVES,HOLM,Licenciatura en Contaduría,13 DE AGOSTO DE 2019 AL 9 DE FEBRERO DE 2020
03307237,KIERAN,PORTUGAL,VILA,Ingeniería en Electrónica,29 DE ABRIL DE 2010 AL 26 DE OCTUBRE DE 2010
09304170,FLORENTINA LOREDANA,GASMI,MASCAREÑA,Licenciatura en Administración,9 DE OCTUBRE DE 2022 AL 7 DE ABRIL DE 2023
C19302186,VERONICA NATALIA,BASART,ORTAS,Ingeniería Industrial,1 DE MARZO DE 1997 AL 28 DE AGOSTO DE 1997
C76300111,DOMINGO GABRIEL,GUBIA,MIURA,Ingeniería en Sistemas Computacionales,13 DE DICIEMBRE DE 2006 AL 11 DE JUNIO DE 2007
C04308878,ABISAI,FIGUERA,JUSCAFRESA,Ingeniería Industrial,8 DE JULIO DE 2004 AL 4 DE ENERO DE 2005
C07300207,JUANA GUADALUPE,DURANTE,HOU,Licenciatura en Contaduría,20 DE MARZO DE 2017 AL 16 DE SEPTIEMBRE DE 2017
C20304126,XUJUN,DE EUSEBIO,CALADO,Ingeniería en Sistemas Computacionales,23 DE MAYO DE 2020 AL 19 DE NOVIEMBRE DE 2020
C87309896,GUSTAVO HORACIO,IACOB,BURTON,Licenciatura en Administración,4 DE FEBRERO DE 2002 AL 3 DE AGOSTO DE 2002
C85302137,ELENA EMILIA,FRESNEDA,BERENJENO,Ingeniería Industrial,7 DE OCTUBRE DE 1978 AL 5 DE ABRIL DE 1979
C93309594,CHEMS EDDINE,MOVILLA,ARAZO,Licenciatura en Administración,5 DE SEPTIEMBRE DE 2005 AL 4 DE MARZO DE 2006
C05305929,CARLOS ELOY,PLUAS,CIRJAN,Ingeniería en Sistemas Computacionales,7 DE ABRIL DE 1983 AL 4 DE OCTUBRE DE 1983
C23304297,BRYAN STEVEN,DO NASCIMIENTO,CARTRO,Licenciatura en Administración,30 DE NOVIEMBRE DE 2002 AL 29 DE MAYO DE 2003
C09309642,LUZ VIVIANA,CEES,ABDEL LAH,Ingeniería en Electrónica,18 DE JULIO DE 1980 AL 14 DE ENERO DE 1981
18301109,IULEN,DIATTA,LIPARTELIANI,Licenciatura en Administración,10 DE FEBRERO DE 1981 AL 9 DE AGOSTO DE 1981
C07306373,JINJIE,AVELLA,ZARCO,Licenciatura en Contaduría,22 DE ENERO DE 1985 AL 21 DE JULIO DE 1985
14306598,FENGYUN,ESTANGA,CABALGANTE,Licenciatura en Contaduría,12 DE NOVIEMBRE DE 1997 AL 11 DE MAYO DE 1998
07306383,JESUS GABRIEL,COMPAÑY,BARRENECHEA,Licenciatura en Administración,19 DE OCTUBRE DE 2014 AL 17 DE ABRIL DE 2015
C24305775,MYKYTA,PORCUNA,BERMEO,Licenciatura en Administración,20 DE MARZO DE 1995 AL 16 DE SEPTIEMBRE DE 1995
15306348,TERESA AURORA,GION,GOZALBO,Ingeniería Industrial,16 DE OCTUBRE DE 2015 AL 13 DE ABRIL DE 2016
C14302930,MICHELLE LOUISE,DEL SOL,CORPORAN,Licenciatura en Administración,8 DE JULIO DE 1998 AL 4 DE ENERO DE 1999
C75303981,JESUALDO,GARCIA ASENJO,ALBAREDA,Ingeniería en Sistemas Computacionales,9 DE SEPTIEMBRE DE 2002 AL 8 DE MARZO DE 2003
C22300313,DOMINGO MARIO,CONCHELLO,REIGADA,Ingeniería Industrial,29 DE MAYO DE 2021 AL 25 DE NOVIEMBRE DE 2021
87303560,XIAOYI,FORTUNEZ,SAMPERE,Ingeniería en Sistemas Computacionales,9 DE SEPTIEMBRE DE 1986 AL 8 DE MARZO DE 1987
23306147,KEVIN ALBERTO,RESMELLA,LAPLAZA,Ingeniería Industrial,12 DE DICIEMBRE DE 2006 AL 10 DE JUNIO DE 2007
00301102,JUAN RIBERA,PARKES,BRI,Ingeniería en Electrónica,16 DE JULIO DE 2025 AL 12 DE ENERO DE 2026
C00308722,RAMUNAS,SANCHEZ CARNERERO,PAVON,Ingeniería en Sistemas Computacionales,14 DE ABRIL DE 2017 AL 11 DE OCTUBRE DE 2017
C22304158,ARITZ,SALAS,CASTELLTORT,Ingeniería en Sistemas Computacionales,7 DE NOVIEMBRE DE 2019 AL 5 DE MAYO DE 2020
22303739,MARIA SANTIAGA,FERRANDEZ,CUBERES,Ingeniería en Sistemas Computacionales,12 DE JUNIO DE 2015 AL 9 DE DICIEMBRE DE 2015
95306400,FRANCISCA EVA,VEIGAS,PEDRAZA,Ingeniería en Electrónica,6 DE FEBRERO DE 2022 AL 5 DE AGOSTO DE 2022
85304050,VICTORIANO MANUEL,MURAT,MARKINA,Ingeniería en Sistemas Computacionales,17 DE MARZO DE 1986 AL 13 DE SEPTIEMBRE DE 1986
76300499,ANGEL OCTAVIO,CHRIFI,CELEMIN,Licenciatura en Administración,15 DE MARZO DE 2016 AL 11 DE SEPTIEMBRE DE 2016
77301806,FODIL,BUDO,KRUGER,Ingeniería en Sistemas Computacionales,6 DE DICIEMBRE DE 1981 AL 4 DE JUNIO DE 1982
C23301723,JOAQUINA DOLORES,DEMETRIO,VIEITEZ,Licenciatura en Administración,12 DE ABRIL DE 1982 AL 9 DE OCTUBRE DE 1982
95300213,BIRAMA,ALEDON,ZEROUAL,Ingeniería en Sistemas Computacionales,1 DE MAYO DE 1996 AL 28 DE OCTUBRE DE 1996
C23305353,MILENE,CANTISANO,AZOUGAGH,Licenciatura en Contaduría,15 DE ABRIL DE 1975 AL 12 DE OCTUBRE DE 1975
C15308180,ANA GLADYS,ESTREMS,NEGRILA,Ingeniería Industrial,24 DE MARZO DE 2024 AL 20 DE SEPTIEMBRE DE 2024
C75305859,VIOREL MARIUS,VILORIO,GUACOLLANTE,Ingeniería Industrial,29 DE ABRIL DE 1977 AL 26 DE OCTUBRE DE 1977
19305549,TAISIA,OLEAGA,ORTIZ,Ingeniería Industrial,6 DE JULIO DE 2008 AL 2 DE ENERO DE 2009
87301997,ARUNAS,ASAD,LLORENTE,Licenciatura en Contaduría,21 DE SEPTIEMBRE DE 1996 AL 20 DE MARZO DE 1997
22307244,FELISINDO,CARNERO,LOPEZ PASTOR,Ingeniería en Electrónica,29 DE SEPTIEMBRE DE 2000 AL 28 DE MARZO DE 2001
C76308788,DANIELA GEORGIEVA,BEIS,ALIER,Ingeniería en Sistemas Computacionales,24 DE JUNIO DE 2025 AL 21 DE DICIEMBRE DE 2025
C93307472,LICA,TRANCHE,LOPEZ DE MOTA,Ingeniería Industrial,11 DE AGOSTO DE 1986 AL 7 DE FEBRERO DE 1987
C07300988,CANDELARIA DOLORES,CERES,CAPELLIN,Ingeniería en Sistemas Computacionales,5 DE MAYO DE 1986 AL 1 DE NOVIEMBRE DE 1986
C85300550,ANFISA,PAYARES,CASTELLI,Licenciatura en Contaduría,7 DE MAYO DE 1974 AL 3 DE NOVIEMBRE DE 1974
C87302727,NOUNOUT,MORELLON,MOYANO,Ingeniería en Electrónica,13 DE MAYO DE 2017 AL 9 DE NOVIEMBRE DE 2017
88304333,JESUS URBANO,VILLAR,ROMERO HOMBREBUENO,Ingeniería Industrial,21 DE ABRIL DE 1985 AL 18 DE OCTUBRE DE 1985
C86308746,ESTEBAN RICARDO,FORTEA,ZOROA,Ingeniería en Electrónica,8 DE FEBRERO DE 2014 AL 7 DE AGOSTO DE 2014
92303320,GORDON WILLIAM,AMIGOT,MONTESANO,Ingeniería en Sistemas Computacionales,20 DE MARZO DE 1999 AL 16 DE SEPTIEMBRE DE 1999
C83307514,IRMANTAS,HIPOLITO,NDONGO,Licenciatura en Contaduría,27 DE ENERO DE 2006 AL 26 DE JULIO DE 2006
09303305,NATALIE,CARBALLAL,MARTINAS,Ingeniería en Sistemas Computacionales,1 DE JULIO DE 2019 AL 28 DE DICIEMBRE DE 2019
02300375,ALEXANDER JOSE,ESTRUGO,MINER,Ingeniería en Electrónica,1 DE MAYO DE 1978 AL 28 DE OCTUBRE DE 1978
15301042,IJLAL,LADRA,QUEIRO,Ingeniería Industrial,16 DE ABRIL DE 2010 AL 13 DE OCTUBRE DE 2010
C85301367,NAVIA,ROIG,PEDROUSO,Ingeniería en Sistemas Computacionales,2 DE FEBRERO DE 2011 AL 1 DE AGOSTO DE 2011
C15301460,MARIA JULITA,LUPSA,COFRE,Ingeniería en Sistemas Computacionales,9 DE FEBRERO DE 1992 AL 7 DE AGOSTO DE 1992
16305134,LARISA IONELA,BERROJO,ROF,Ingeniería en Sistemas Computacionales,6 DE JULIO DE 2011 AL 2 DE ENERO DE 2012
82303922,MARIA SELINA,ALMUDEVER,BALANZATEGUI,Ingeniería en Electrónica,11 DE JUNIO DE 2013 AL 8 DE DICIEMBRE DE 2013
C01308101,JAVIER MARIANO,ALDABE,APERRIBAY,Ingeniería Industrial,13 DE ABRIL DE 1978 AL 10 DE OCTUBRE DE 1978
99300156,ANATOLY,CHAUCA,NEVADO,Ingeniería en Sistemas Computacionales,7 DE MAYO DE 2000 AL 3 DE NOVIEMBRE DE 2000
C84300940,EVELIN,EL HARCHI,GIL DE PAREJA,Ingeniería Industrial,9 DE MARZO DE 2000 AL 5 DE SEPTIEMBRE DE 2000
25307290,TAOUFIK,MONCLUS,UCEDO,Ingeniería en Sistemas Computacionales,9 DE MAYO DE 1979 AL 5 DE NOVIEMBRE DE 1979
16307308,LUIS GERMANICO,ALBALAT,PETTERSSON,Licenciatura en Contaduría,12 DE JULIO DE 2000 AL 8 DE ENERO DE 2001
C13300898,ALEJANDRO ANDRES,ERRAFAI,LEZANA,Licenciatura en Contaduría,1 DE MAYO DE 1977 AL 28 DE OCTUBRE DE 1977
96303091,AMARILYS,CHAZO,ALCOBA,Ingeniería en Sistemas Computacionales,10 DE MAYO DE 2019 AL 6 DE NOVIEMBRE DE 2019
02306538,LOREDANA MIHAELA,PEDRAZA,MUR,Licenciatura en Administración,16 DE MARZO DE 2014 AL 12 DE SEPTIEMBRE DE 2014
11300200,SANDRA JIMENA,MARQUINO,GORRAIZ,Ingeniería en Sistemas Computacionales,22 DE ENERO DE 1974 AL 21 DE JULIO DE 1974
C16304561,MARGARITA PILAR,COMAJUAN,KHARBOUCH,Ingeniería en Electrónica,19 DE SEPTIEMBRE DE 1990 AL 18 DE MARZO DE 1991
C93303928,JULIAN GREGORIO,DOLCET,BARRADA,Ingeniería en Sistemas Computacionales,7 DE JULIO DE 2013 AL 3 DE ENERO DE 2014
94302876,KATHERINE MARY,SAGARNA,AGUARELES,Licenciatura en Administración,1 DE OCTUBRE DE 2021 AL 30 DE MARZO DE 2022
C17302813,ELENA ELISABETA,VIEITO,TAMAMES,Ingeniería en Sistemas Computacionales,1 DE ABRIL DE 1993 AL 28 DE SEPTIEMBRE DE 1993
C02300257,ZULIMA,CANICIO,MIYAR,Licenciatura en Contaduría,3 DE FEBRERO DE 2007 AL 2 DE AGOSTO DE 2007
C00303524,MANUEL SERVANDO,TRIMIÑO,ARRUA,Ingeniería en Sistemas Computacionales,8 DE MAYO DE 2020 AL 4 DE NOVIEMBRE DE 2020
79305069,INES DOLORES,BALDERO,REBELLES,Ingeniería Industrial,2 DE ENERO DE 1993 AL 1 DE JULIO DE 1993
75303944,JAVIER BENITO,ARENES,ZAHIR,Ingeniería en Electrónica,1 DE NOVIEMBRE DE 1979 AL 29 DE ABRIL DE 1980
80303315,MARTA AMELIA,FERNANDEZ PANIAGUA,ALZINA,Licenciatura en Contaduría,25 DE JUNIO DE 1991 AL 22 DE DICIEMBRE DE 1991
94305209,ANA ESPERANZA,TORAN,IRISARRI,Ingeniería en Sistemas Computacionales,8 DE FEBRERO DE 2025 AL 7 DE AGOSTO DE 2025
07304361,MELANIE JANE,ALCOJOR,CASCANTE,Ingeniería en Sistemas Computacionales,24 DE MAYO DE 1984 AL 20 DE NOVIEMBRE DE 1984
00301748,URTZI,IBARRA,BECK,Ingeniería Industrial,18 DE FEBRERO DE 1985 AL 17 DE AGOSTO DE 1985
C21303351,MAXIMO DANIEL,VELEZ,MARGARETO,Licenciatura en Administración,13 DE DICIEMBRE DE 2025 AL 11 DE JUNIO DE 2026
C11308223,TANIA ESTHER,IFRIM,BAILACH,Licenciatura en Contaduría,31 DE MARZO DE 2023 AL 27 DE SEPTIEMBRE DE 2023
C01301345,JORGE EDWIN,CONRAD,PUJOLS,Ingeniería en Electrónica,7 DE JULIO DE 2022 AL 3 DE ENERO DE 2023
C92306903,GLADYS MARGARITA,GARCIA MINGUILLAN,SANAHUJA,Licenciatura en Administración,24 DE ENERO DE 2005 AL 23 DE JULIO DE 2005
82303824,EDINSON,RAPOSO,PLANES,Ingeniería en Electrónica,29 DE MAYO DE 1993 AL 25 DE NOVIEMBRE DE 1993
86302568,ANDREA ALICIA,ANDRINAL,VENTAYOL,Ingeniería en Sistemas Computacionales,31 DE MARZO DE 1988 AL 27 DE SEPTIEMBRE DE 1988
C86302492,LEBDAOUI,OBAMA,BEREIJO,Ingeniería en Electrónica,15 DE ENERO DE 1979 AL 14 DE JULIO DE 1979
06306794,ANGEL ERNESTO,MONTESA,BODEGA,Ingeniería en Sistemas Computacionales,27 DE MARZO DE 2001 AL 23 DE SEPTIEMBRE DE 2001
05308453,REHANA,BARRANTE,TUDA,Licenciatura en Contaduría,4 DE MARZO DE 1990 AL 31 DE AGOSTO DE 1990
88309752,ROBERT EDWARD,SAMSO,ABARKAN,Licenciatura en Administración,12 DE DICIEMBRE DE 2011 AL 9 DE JUNIO DE 2012
92300879,GHEORGHE IONUT,HERBERA,CARAVANTES,Ingeniería en Electrónica,22 DE ABRIL DE 1995 AL 19 DE OCTUBRE DE 1995
C02301910,ANGIE LIZETH,PERDIZ,PINAL,Ingeniería en Electrónica,4 DE NOVIEMBRE DE 1974 AL 3 DE MAYO DE 1975
C16302568,MARIO FELIX,WATKINS,LESACA,Licenciatura en Administración,27 DE JUNIO DE 2000 AL 24 DE DICIEMBRE DE 2000
21305506,JULIAN AGUSTIN,LOZAR,ASTEINZA,Ingeniería en Sistemas Computacionales,25 DE ENERO DE 2015 AL 24 DE JULIO DE 2015
80308849,ALAN MICHAEL,CIVANTOS,COLMENERO,Ingeniería en Sistemas Computacionales,27 DE SEPTIEMBRE DE 1984 AL 26 DE MARZO DE 1985
12306913,CELSO MIGUEL,COLLIGA,TRALLERO,Licenciatura en Administración,7 DE OCTUBRE DE 2011 AL 4 DE ABRIL DE 2012
C07303080,MAIXA,NOTARIO,LENZ,Licenciatura en Administración,11 DE JULIO DE 2023 AL 7 DE ENERO DE 2024
C07304853,DIEGO FABRICIO,LEGASA,ROSETE,Licenciatura en Administración,17 DE FEBRERO DE 2023 AL 16 DE AGOSTO DE 2023
15300586,MIRELA ANDREEA,ANIENTO,LOINAZ,Ingeniería Industrial,23 DE OCTUBRE DE 2009 AL 21 DE ABRIL DE 2010
C83304967,CATALINA ANDREA,SAN JULIAN,NOHALES,Ingeniería en Electrónica,31 DE MARZO DE 1994 AL 27 DE SEPTIEMBRE DE 1994
96307347,JINRONG,BARALLOBRE,BUA,Licenciatura en Contaduría,24 DE MARZO DE 1974 AL 20 DE SEPTIEMBRE DE 1974
20307355,ADRIANO,SAM,BALLON,Ingeniería en Sistemas Computacionales,14 DE JUNIO DE 1977 AL 11 DE DICIEMBRE DE 1977
05308672,DRAGOS GEORGE,ZAMALLOA,AGUIRREZABALA,Licenciatura en Administración,15 DE ABRIL DE 1982 AL 12 DE OCTUBRE DE 1982
02303179,PATRICIA LUCIA,FERRERUELA,ASTUY,Licenciatura en Administración,13 DE SEPTIEMBRE DE 2011 AL 11 DE MARZO DE 2012
00307074,ERIC PAUL,CHERKAOUI,AGUIRREBURUALDE,Ingeniería Industrial,7 DE OCTUBRE DE 1975 AL 4 DE ABRIL DE 1976
17309734,JARA MARIA,MELERO,AMEZUA,Ingeniería en Electrónica,26 DE JULIO DE 1998 AL 22 DE ENERO DE 1999
19302788,HORST GUNTER,CARABAZA,HUNTER,Licenciatura en Administración,21 DE JUNIO DE 2012 AL 18 DE DICIEMBRE DE 2012
C93305580,JOHN PETER,CAMPI,OEO,Ingeniería en Electrónica,13 DE NOVIEMBRE DE 2017 AL 12 DE MAYO DE 2018
C13307374,SARABJIT,RADFORD,TERRIZA,Ingeniería Industrial,3 DE NOVIEMBRE DE 1979 AL 1 DE MAYO DE 1980
C96309803,JUAN EMILIANO,ARTESERO,MURUGARREN,Ingeniería en Electrónica,19 DE JULIO DE 2020 AL 15 DE ENERO DE 2021
C95304415,KEES,GARRIGO,MARKINA,Ingeniería en Electrónica,23 DE ABRIL DE 2001 AL 20 DE OCTUBRE DE 2001
87307565,JESUS CONSUELO,PUCHADES,MONTANYA,Ingeniería en Electrónica,30 DE DICIEMBRE DE 1981 AL 28 DE JUNIO DE 1982
C14302540,JORGE FIDEL,HALDON,DONGIL,Licenciatura en Administración,3 DE JUNIO DE 1995 AL 30 DE NOVIEMBRE DE 1995
C18303045,MARIE CHRISTINE,MURGADO,NINE,Licenciatura en Contaduría,26 DE FEBRERO DE 1979 AL 25 DE AGOSTO DE 1979
89307634,DAVID GONZALO,TRUCO,PAGADIZABAL,Ingeniería Industrial,28 DE ENERO DE 1986 AL 27 DE JULIO DE 1986
C19302797,ERIKA PINO,SAMBADE,EIXEA,Licenciatura en Contaduría,11 DE ABRIL DE 1982 AL 8 DE OCTUBRE DE 1982
C10305615,LUIS FILIPE,LA CHICA,RANDEZ,Licenciatura en Contaduría,3 DE ENERO DE 2023 AL 2 DE JULIO DE 2023
13307866,MARIA MIREIA,OJERO,RUBIELLA,Ingeniería Industrial,20 DE ENERO DE 1990 AL 19 DE JULIO DE 1990
C95306946,MARIA NAZARET,REGATOS,PALLEROLA,Ingeniería en Sistemas Computacionales,17 DE ABRIL DE 2019 AL 14 DE OCTUBRE DE 2019
86306094,ANTONIO JOSE,TERRERO,ORODEA,Licenciatura en Contaduría,13 DE MARZO DE 1989 AL 9 DE SEPTIEMBRE DE 1989
C21306683,AINHOA PILAR,LALANA,LOGROÑO,Ingeniería en Electrónica,3 DE MAYO DE 1984 AL 30 DE OCTUBRE DE 1984
C80308451,GUISELA,RONCAL,CIRUJEDA,Ingeniería Industrial,21 DE AGOSTO DE 2021 AL 17 DE FEBRERO DE 2022
94301231,JOAQUIN ROQUE,MUÑECAS,FARRERONS,Ingeniería en Electrónica,6 DE FEBRERO DE 1978 AL 5 DE AGOSTO DE 1978
23307311,CARLES ENRIC,LLAGAS,JUNCAL,Ingeniería en Electrónica,16 DE MARZO DE 1974 AL 12 DE SEPTIEMBRE DE 1974
C06300960,DOMICIO,HERIZ,SCHAFER,Licenciatura en Administración,5 DE MAYO DE 1986 AL 1 DE NOVIEMBRE DE 1986
19303559,DIANA FILIPA,DUTRA,BUSNADIEGO,Ingeniería en Sistemas Computacionales,31 DE ENERO DE 2022 AL 30 DE JULIO DE 2022
C21301002,RAZVAN MARIAN,ESTUPIÑAN,CAMPS,Licenciatura en Contaduría,9 DE ENERO DE 1983 AL 8 DE JULIO DE 1983
C21305363,ARAMITA,BAÑOS,BERG,Ingeniería Industrial,10 DE AGOSTO DE 1985 AL 6 DE FEBRERO DE 1986
07306478,GUSTAVO GUILLERMO,MARTINEZ DE MARIGORTA,FORNS,Ingeniería en Electrónica,23 DE OCTUBRE DE 1983 AL 20 DE ABRIL DE 1984
98302581,ANA FELICIDAD,BONA,LLUSIA,Ingeniería en Electrónica,27 DE SEPTIEMBRE DE 2005 AL 26 DE MARZO DE 2006
C25306099,FADIL,ONIGA,IRURTIA,Ingeniería Industrial,28 DE AGOSTO DE 2015 AL 24 DE FEBRERO DE 2016
11302056,JANKEY,FARFAN,GOMEZ CORNEJO,Ingeniería en Electrónica,5 DE ENERO DE 2010 AL 4 DE JULIO DE 2010
C99301722,RADKA,SARES,FIGULS,Ingeniería Industrial,6 DE JUNIO DE 2020 AL 3 DE DICIEMBRE DE 2020
C22303962,JULIAN MARIANO,ARAGUZ,CHIC,Licenciatura en Contaduría,3 DE AGOSTO DE 1999 AL 30 DE ENERO DE 2000
C25308346,FRANCISCA ESPERANZA,LALIGA,CARPIO,Ingeniería en Sistemas Computacionales,20 DE FEBRERO DE 2005 AL 19 DE AGOSTO DE 2005
90304635,SAADIYA,POLA,MILLS,Ingeniería Industrial,29 DE NOVIEMBRE DE 2012 AL 28 DE MAYO DE 2013
74301011,IONUT DRAGOS,SIRBU,VIGUERA,Licenciatura en Contaduría,8 DE NOVIEMBRE DE 1976 AL 7 DE MAYO DE 1977
C93302631,KAREN CECILIA,MAYER,CASANOVA,Licenciatura en Administración,10 DE MARZO DE 1976 AL 6 DE SEPTIEMBRE DE 1976
C17304466,JOSEFA ANTONIA,HERRERA,CARRIAZO,Ingeniería Industrial,7 DE MARZO DE 1993 AL 3 DE SEPTIEMBRE DE 1993
C13306631,MIHAIL,AGRASAR,BOUAZAMA,Ingeniería Industrial,30 DE AGOSTO DE 2019 AL 26 DE FEBRERO DE 2020
C17307385,PABLO ALEXANDER,DE ALARCON,BROZ,Ingeniería Industrial,16 DE ABRIL DE 1990 AL 13 DE OCTUBRE DE 1990
09304872,KEVIN RICARDO,RONDON,GODFREY,Ingeniería Industrial,1 DE MARZO DE 2009 AL 28 DE AGOSTO DE 2009
04307840,ABEL FERNANDO,CANTERAS,TOSAS,Ingeniería en Electrónica,16 DE MAYO DE 1982 AL 12 DE NOVIEMBRE DE 1982
C84307615,DEAN,KERZAZI,MAÑO,Licenciatura en Contaduría,22 DE ENERO DE 1975 AL 21 DE JULIO DE 1975
C85302888,BENYOUNES,ARIFI,ZARALLO,Licenciatura en Administración,15 DE NOVIEMBRE DE 1974 AL 14 DE MAYO DE 1975
20300583,DULCE NOMBRE JESUS,AVELLA,LIAÑO,Ingeniería Industrial,3 DE JULIO DE 2008 AL 30 DE DICIEMBRE DE 2008
03300091,BOUREIMA,RAÑAL,GARCIA FILOSO,Licenciatura en Contaduría,11 DE MAYO DE 2021 AL 7 DE NOVIEMBRE DE 2021
C21300268,SUSAN MARGARET,INFESTAS,VIOLERO,Licenciatura en Contaduría,1 DE ENERO DE 1974 AL 30 DE JUNIO DE 1974
02303129,SADIE,TRALLERO,ASTUY,Ingeniería Industrial,7 DE JULIO DE 2025 AL 3 DE ENERO DE 2026
98307018,EFREN JESUS,SAEZ DE TEJADA,LLATA,Licenciatura en Contaduría,10 DE NOVIEMBRE DE 2013 AL 9 DE MAYO DE 2014
03307290,ODILIO,ELCANO,AZKORRA,Ingeniería Industrial,29 DE JUNIO DE 1991 AL 26 DE DICIEMBRE DE 1991
C74309129,ALBA IRIS,APODACA,LOPEZ DE PABLO,Licenciatura en Administración,4 DE ENERO DE 2012 AL 2 DE JULIO DE 2012
25302732,EVELYN TATIANA,RADUTA,XUCLA,Licenciatura en Administración,27 DE ENERO DE 1980 AL 25 DE JULIO DE 1980
C98303246,PABLO EZEQUIEL,GOMES,BAYE,Ingeniería Industrial,5 DE JULIO DE 2011 AL 1 DE ENERO DE 2012
81309168,NOEMI ISABEL,SAMBADE,AVI,Licenciatura en Contaduría,5 DE SEPTIEMBRE DE 2017 AL 4 DE MARZO DE 2018
C01301594,CORNELIA MIHAELA,ROCAMORA,IMBRODA,Licenciatura en Contaduría,6 DE ABRIL DE 1980 AL 3 DE OCTUBRE DE 1980
C00308330,BERNARDO TOMAS,MUSTE,PERLAZA,Ingeniería en Sistemas Computacionales,22 DE MARZO DE 2009 AL 18 DE SEPTIEMBRE DE 2009
88307396,WILSON MIGUEL,BORRUEL,EULOGIO,Ingeniería en Sistemas Computacionales,21 DE ABRIL DE 1997 AL 18 DE OCTUBRE DE 1997
02304764,NORMA INES,MONCASI,DINCA,Ingeniería Industrial,2 DE NOVIEMBRE DE 2015 AL 30 DE ABRIL DE 2016
C77308542,LANDING,MIRABETE,AZAROUAL,Ingeniería Industrial,25 DE FEBRERO DE 2017 AL 24 DE AGOSTO DE 2017
C79301602,CLAUDIA MARLENE,ALBESA,BANACH,Ingeniería en Sistemas Computacionales,21 DE JULIO DE 1975 AL 17 DE ENERO DE 1976
C08300117,DANIEL CALIN,VALIMAÑA,PEREÑIGUEZ,Ingeniería en Electrónica,5 DE JUNIO DE 1979 AL 2 DE DICIEMBRE DE 1979
87303136,JORGE MARIO,CANDELERA,BRAN,Licenciatura en Contaduría,12 DE MAYO DE 2002 AL 8 DE NOVIEMBRE DE 2002
C23309601,INSSAF,CAPRARU,SANTESMASES,Ingeniería Industrial,8 DE JUNIO DE 1976 AL 5 DE DICIEMBRE DE 1976
04308370,ANA KAREN,DE LA MATA,LLAMBIAS,Licenciatura en Contaduría,26 DE ENERO DE 1983 AL 25 DE JULIO DE 1983
C18305591,MARGARITA CECILIA,RIEROLA,BACHO,Ingeniería en Sistemas Computacionales,15 DE AGOSTO DE 2010 AL 11 DE FEBRERO DE 2011
C76308136,KEVIN RODRIGO,ROSSELL,EL GHAZOUANI,Ingeniería en Sistemas Computacionales,27 DE NOVIEMBRE DE 1986 AL 26 DE MAYO DE 1987
82306656,EUGENIE,BALCAZAR,TEIXEIRA,Licenciatura en Administración,9 DE FEBRERO DE 1991 AL 8 DE AGOSTO DE 1991
C10309046,JEHU,OBANOS,BAIDA,Licenciatura en Contaduría,26 DE DICIEMBRE DE 1991 AL 23 DE JUNIO DE 1992
08306660,AURANGZEB,THOMAS,YARNOZ,Licenciatura en Contaduría,21 DE DICIEMBRE DE 2012 AL 19 DE JUNIO DE 2013
03300106,PARASCA,BAGAN,TAOUSSI,Licenciatura en Contaduría,16 DE MARZO DE 2002 AL 12 DE SEPTIEMBRE DE 2002
C88301489,NIGHAT,MACHUCA,PAINCEIRAS,Licenciatura en Administración,6 DE OCTUBRE DE 1996 AL 4 DE ABRIL DE 1997
04304457,GLORIA JOSE,BERDEAL,DIARRA,Ingeniería Industrial,8 DE SEPTIEMBRE DE 1974 AL 7 DE MARZO DE 1975
C78305925,NURIA CAROLINA,ARCHIDONA,GALVAÑ,Ingeniería Industrial,2 DE MAYO DE 1998 AL 29 DE OCTUBRE DE 1998
97308025,JONE,ANDRANGO,FONTIVEROS,Ingeniería en Sistemas Computacionales,30 DE NOVIEMBRE DE 2015 AL 28 DE MAYO DE 2016
C81301951,ROBINSON ANDRES,SOZA,HORTELANO,Licenciatura en Administración,23 DE FEBRERO DE 1981 AL 22 DE AGOSTO DE 1981
C89307102,SANDRA LILIANA,MADRAMANY,ESCRIVA,Ingeniería en Electrónica,1 DE SEPTIEMBRE DE 2024 AL 28 DE FEBRERO DE 2025
20304706,FEDERICO EMILIO,MEYA,AYESA,Ingeniería en Sistemas Computacionales,16 DE OCTUBRE DE 2001 AL 14 DE ABRIL DE 2002
18300303,ALEXANDRU AUREL,NIÑO,TEY,Licenciatura en Contaduría,18 DE MAYO DE 1984 AL 14 DE NOVIEMBRE DE 1984
C24309223,LATIF,LAFORGA,ALPAÑEZ,Ingeniería en Sistemas Computacionales,19 DE SEPTIEMBRE DE 1977 AL 18 DE MARZO DE 1978
10308780,ANA MELISSA,AGUI,HERMS,Ingeniería en Electrónica,10 DE FEBRERO DE 1976 AL 8 DE AGOSTO DE 1976
08309562,MERCEDES INMACULADA,LONG,CATALANO,Licenciatura en Administración,25 DE OCTUBRE DE 2020 AL 23 DE ABRIL DE 2021
C06300491,EMILY ELIZABETH,GRASSO,BERCIAL,Licenciatura en Contaduría,7 DE MAYO DE 1987 AL 3 DE NOVIEMBRE DE 1987
C85309553,DIEGO VALENTIN,ADANEZ,BOZGA,Licenciatura en Administración,17 DE SEPTIEMBRE DE 1981 AL 16 DE MARZO DE 1982
05302933,FLORENTINO,FELLAH,DE PALMA,Licenciatura en Contaduría,30 DE AGOSTO DE 2007 AL 26 DE FEBRERO DE 2008
C90303627,MARIA YOHANA,BENZAQUEN,EL ABDELLAOUI,Ingeniería en Sistemas Computacionales,23 DE ENERO DE 2002 AL 22 DE JULIO DE 2002
13306533,MARIA BEGOÑA,DOLHA,MINAYA,Ingeniería Industrial,27 DE ABRIL DE 1998 AL 24 DE OCTUBRE DE 1998
96300506,RUTH ANNE,FERRAN,MAGUNACELAYA,Licenciatura en Administración,22 DE FEBRERO DE 1977 AL 21 DE AGOSTO DE 1977
C79304448,MONICA VIRGINIA,VALDIVIA,BARRENENGOA,Ingeniería en Electrónica,14 DE OCTUBRE DE 2002 AL 12 DE ABRIL DE 2003
84309260,ANDREEA MARIA,GANDARA,RAMADAN,Ingeniería Industrial,4 DE JUNIO DE 2023 AL 1 DE DICIEMBRE DE 2023
20308777,SABINE,RAYMOND,URIZARBARRENA,Ingeniería en Sistemas Computacionales,22 DE SEPTIEMBRE DE 2022 AL 21 DE MARZO DE 2023
01304266,VALENTIN LUIS,HONRADO,TOFIÑO,Ingeniería Industrial,20 DE ABRIL DE 2013 AL 17 DE OCTUBRE DE 2013
C23308956,IKER GABRIEL,RANA,AMENGUAL,Ingeniería Industrial,20 DE MAYO DE 2004 AL 16 DE NOVIEMBRE DE 2004
C85308485,BENJAMIN DAVID,GORGAN,ALFAYATE,Ingeniería en Electrónica,22 DE FEBRERO DE 1976 AL 20 DE AGOSTO DE 1976
C86306397,CHRISTINE MAY,ALVAREZ DE SOTOMAYOR,FAJARDO,Licenciatura en Administración,26 DE NOVIEMBRE DE 1975 AL 24 DE MAYO DE 1976
79307878,SORAYA ROCIO,FERNANDEZ DE GOROSTIZA,SISA,Licenciatura en Administración,13 DE ABRIL DE 1991 AL 10 DE OCTUBRE DE 1991
13309795,ROSA EMPERATRIZ,BONNET,AZKORRA,Licenciatura en Contaduría,29 DE DICIEMBRE DE 2002 AL 27 DE JUNIO DE 2003
95300652,ESTHER BELEN,LARIO,CORUÑA,Ingeniería Industrial,31 DE ENERO DE 1989 AL 30 DE JULIO DE 1989
80301443,EMILIA NIEVES,FUENTESAL,MASOOD,Ingeniería en Electrónica,31 DE ENERO DE 2019 AL 30 DE JULIO DE 2019
C92308825,NAYA,NEGRUT,PARADELA,Licenciatura en Contaduría,26 DE ABRIL DE 2014 AL 23 DE OCTUBRE DE 2014
98303959,MARIA ZENEIDA,OUTEIRAL,SEGARRA,Ingeniería en Electrónica,9 DE MAYO DE 1979 AL 5 DE NOVIEMBRE DE 1979
C11307938,MARIA ISABELLE,BOURAGBA,FURRIOL,Ingeniería en Sistemas Computacionales,8 DE JUNIO DE 1974 AL 5 DE DICIEMBRE DE 1974
C15307442,ELENA VICTORIA,LUCENA,BAYONAS,Ingeniería en Sistemas Computacionales,7 DE AGOSTO DE 2003 AL 3 DE FEBRERO DE 2004
C18300352,ONINTZE,BADAS,GARCIA ESCUDERO,Ingeniería en Electrónica,19 DE DICIEMBRE DE 2019 AL 16 DE JUNIO DE 2020
95301568,ASTERIA,SANJORGE,BOILS,Licenciatura en Contaduría,30 DE JUNIO DE 2010 AL 27 DE DICIEMBRE DE 2010
85301688,CAROL MARGARET,ANIENTO,RIANI,Ingeniería en Sistemas Computacionales,3 DE ABRIL DE 1990 AL 30 DE SEPTIEMBRE DE 1990
C91301777,ARMANDA,PLAZUELO,MENCHEN,Ingeniería Industrial,29 DE JUNIO DE 1991 AL 26 DE DICIEMBRE DE 1991
10307592,ADELA TERESA,NECULAI,VOZMEDIANO,Licenciatura en Administración,4 DE ENERO DE 1996 AL 2 DE JULIO DE 1996
C04300354,ROGER ANDRES,ANDRE,STEFANOV,Licenciatura en Administración,8 DE JUNIO DE 2014 AL 5 DE DICIEMBRE DE 2014
C78306551,ALEXIS,BOLBOS,CORTADO,Licenciatura en Contaduría,2 DE MAYO DE 1981 AL 29 DE OCTUBRE DE 1981
C96305428,MARIA AYELEN,CRISTACHE,SANTIVAÑEZ,Ingeniería en Electrónica,22 DE OCTUBRE DE 1988 AL 20 DE ABRIL DE 1989
95305893,JARE,HERVERA,CAMPDELACREU,Licenciatura en Contaduría,3 DE JULIO DE 2000 AL 30 DE DICIEMBRE DE 2000
C12304209,LUZ AIDA,NATERA,COMECHE,Licenciatura en Administración,16 DE ENERO DE 1975 AL 15 DE JULIO DE 1975
C12302799,TERESA FERNANDA,AGRASO,CIDRE,Ingeniería Industrial,11 DE MAYO DE 2017 AL 7 DE NOVIEMBRE DE 2017
14306603,FREDERIC JEAN,CUMPLIDO,BACHS,Licenciatura en Contaduría,4 DE ENERO DE 1974 AL 3 DE JULIO DE 1974
C09307228,CHIE,PIFARRE,SPASOV,Ingeniería en Sistemas Computacionales,18 DE ABRIL DE 2006 AL 15 DE OCTUBRE DE 2006
14303648,RUI JORGE,BOBOCEA,TODEA,Ingeniería en Sistemas Computacionales,14 DE OCTUBRE DE 2020 AL 12 DE ABRIL DE 2021
87302033,FRANCISCO PATRICIO,CALDELAS,SALAMERO,Licenciatura en Administración,30 DE AGOSTO DE 1995 AL 26 DE FEBRERO DE 1996
C12308478,JULIAN ADOLFO,RUJA,ZELAYA,Ingeniería en Electrónica,2 DE AGOSTO DE 2022 AL 29 DE ENERO DE 2023
C21302294,DIEGO SALVADOR,TEMPLADO,VALDAYO,Ingeniería en Electrónica,14 DE DICIEMBRE DE 2020 AL 12 DE JUNIO DE 2021
07306767,LUISA PILAR,BELOSO,VALLESPIN,Licenciatura en Contaduría,4 DE AGOSTO DE 1993 AL 31 DE ENERO DE 1994
05301766,MARLON ALBERTO,MORATON,ANSALDO,Ingeniería Industrial,4 DE MAYO DE 2015 AL 31 DE OCTUBRE DE 2015
C74302613,LUIS MANUEL,VILATA,SAYAH,Licenciatura en Administración,14 DE JUNIO DE 1977 AL 11 DE DICIEMBRE DE 1977
C13300375,HORST WILHELM,GREAVES,TAVERNER,Licenciatura en Contaduría,3 DE SEPTIEMBRE DE 1976 AL 2 DE MARZO DE 1977
C87302948,LAKHDAR,AWAN,HERNANDO,Ingeniería en Sistemas Computacionales,11 DE SEPTIEMBRE DE 2018 AL 10 DE MARZO DE 2019
00306666,HUI,VILARCHAO,SEGRELLES,Licenciatura en Contaduría,22 DE ENERO DE 2005 AL 21 DE JULIO DE 2005
C10307778,MIRIAM MARGARITA,BRAUN,OROVAL,Ingeniería en Electrónica,28 DE NOVIEMBRE DE 1981 AL 27 DE MAYO DE 1982
C80304933,YIPING,PARERAS,IBAÑEZ DE GARAYO,Licenciatura en Contaduría,14 DE OCTUBRE DE 1980 AL 12 DE ABRIL DE 1981
12302175,MARIA DEMELZA,CHIREA,BRAU,Ingeniería en Electrónica,22 DE DICIEMBRE DE 2024 AL 20 DE JUNIO DE 2025
C20301021,MARGARITA PINO,REJANO,MOONEY,Ingeniería en Electrónica,8 DE ENERO DE 2003 AL 7 DE JULIO DE 2003
97308028,SUNIL KUMAR,URBISTONDO,PASSOS,Licenciatura en Contaduría,16 DE SEPTIEMBRE DE 1988 AL 15 DE MARZO DE 1989
C00308449,INAKI,LASRI,GUI,Ingeniería en Electrónica,12 DE SEPTIEMBRE DE 1985 AL 11 DE MARZO DE 1986
00300366,EMEL,BENETO,ARDAYA,Ingeniería en Electrónica,2 DE SEPTIEMBRE DE 1975 AL 29 DE FEBRERO DE 1976
C79309500,NESTOR ADRIAN,EUGENIO,WALIÑO,Ingeniería en Sistemas Computacionales,11 DE MAYO DE 1980 AL 7 DE NOVIEMBRE DE 1980
C23308688,REY,CARNER,YERPES,Licenciatura en Contaduría,25 DE MAYO DE 2004 AL 21 DE NOVIEMBRE DE 2004
07304075,MARTIN LORENZO,ALMUNIA,DE JAIME,Ingeniería Industrial,2 DE OCTUBRE DE 1983 AL 30 DE MARZO DE 1984
C82308905,CLEMENS,CARRON,CAMPUZANO,Ingeniería Industrial,24 DE AGOSTO DE 2004 AL 20 DE FEBRERO DE 2005
11302818,LETICIA,AMARGOS,BOLAÑOS,Ingeniería en Electrónica,5 DE MAYO DE 2003 AL 1 DE NOVIEMBRE DE 2003
C00301928,MARGARITA ASUNCION,SADIQ,MARCELLAN,Ingeniería en Sistemas Computacionales,26 DE ABRIL DE 2008 AL 23 DE OCTUBRE DE 2008
96301885,ROGELIO ANGEL,LEI,MOMPLET,Ingeniería en Sistemas Computacionales,23 DE AGOSTO DE 1976 AL 19 DE FEBRERO DE 1977
C90309212,JESUS HERNAN,ATIF,MEIRAS,Ingeniería Industrial,14 DE FEBRERO DE 2003 AL 13 DE AGOSTO DE 2003
C81304469,RONGGUANG,GARITAGOITIA,DE LA PUERTA,Licenciatura en Contaduría,26 DE FEBRERO DE 1995 AL 25 DE AGOSTO DE 1995
C91303616,CARLOS LEANDRO,PUELLO,PENELA,Licenciatura en Administración,25 DE MARZO DE 2001 AL 21 DE SEPTIEMBRE DE 2001
13306447,HECTOR HERNANDO,WHITE,CHEN,Ingeniería Industrial,15 DE OCTUBRE DE 2012 AL 13 DE ABRIL DE 2013
C21309693,GLORIA ESTRELLA,BATALLA,DEL VALLE,Licenciatura en Contaduría,4 DE MAYO DE 1986 AL 31 DE OCTUBRE DE 1986
C79304240,ELVIRA MANUELA,MONAR,HORGA,Ingeniería en Sistemas Computacionales,16 DE JULIO DE 2023 AL 12 DE ENERO DE 2024
08307536,DANIEL ALEXIS,SHARPE,ESCORCIA,Licenciatura en Administración,21 DE MARZO DE 1988 AL 17 DE SEPTIEMBRE DE 1988
C02304614,ANGELA PIEDAD,PEDROVIEJO,GLERA,Licenciatura en Contaduría,3 DE DICIEMBRE DE 1991 AL 31 DE MAYO DE 1992
C80308521,NIEVES,SARMIENTO,VOINESCU,Ingeniería en Electrónica,17 DE ABRIL DE 1986 AL 14 DE OCTUBRE DE 1986
04309936,CRISTHIAN ALEJANDRO,CLAVERIAS,CARBALLAS,Ingeniería Industrial,9 DE ABRIL DE 1992 AL 6 DE OCTUBRE DE 1992
C24306044,ROSA MERY,RETEGAN,SHAHZADI,Ingeniería en Electrónica,31 DE MAYO DE 1980 AL 27 DE NOVIEMBRE DE 1980
92307665,INES MILAGROS,FUENTEFRIA,VALBUENA,Ingeniería Industrial,13 DE NOVIEMBRE DE 1996 AL 12 DE MAYO DE 1997
C20305700,MAHNOOR,VILLAMANDOS,BLAGOEVA,Ingeniería en Sistemas Computacionales,22 DE AGOSTO DE 1978 AL 18 DE FEBRERO DE 1979
98308448,JINYUN,GOYES,GRUIA,Ingeniería Industrial,2 DE DICIEMBRE DE 1982 AL 31 DE MAYO DE 1983
10300092,MOISES VICENTE,YUS,MURRIA,Licenciatura en Contaduría,22 DE MAYO DE 1988 AL 18 DE NOVIEMBRE DE 1988
C84305191,FRANCISCO ALEXANDER,ORTEGON,ALGARRADA,Ingeniería en Sistemas Computacionales,11 DE FEBRERO DE 1984 AL 9 DE AGOSTO DE 1984
92306394,RICARDO ARIEL,BUJIA,BOUAICHA,Licenciatura en Administración,4 DE DICIEMBRE DE 1999 AL 1 DE JUNIO DE 2000
89307713,WEIPING,BOTEZATU,INGRAM,Licenciatura en Contaduría,20 DE AGOSTO DE 2018 AL 16 DE FEBRERO DE 2019
C84300746,ASCENSION PILAR,OZAETA,ORRUÑO,Ingeniería Industrial,1 DE AGOSTO DE 2019 AL 28 DE ENERO DE 2020
85300540,ALEJANDRO GABRIEL,UTRERO,BALMACEDA,Licenciatura en Contaduría,1 DE JUNIO DE 2017 AL 28 DE NOVIEMBRE DE 2017
75306278,LUCIANO ALEJANDRO,CUMBREÑO,CHOZA,Licenciatura en Administración,30 DE OCTUBRE DE 2007 AL 27 DE ABRIL DE 2008
C93305480,EDUARDO BENITO,SUMAREH,BAQUE,Ingeniería Industrial,22 DE MARZO DE 2021 AL 18 DE SEPTIEMBRE DE 2021
C19304322,ELIER,VIÑES,BABIANO,Licenciatura en Administración,28 DE AGOSTO DE 1981 AL 24 DE FEBRERO DE 1982
85302021,NICOLAE GABRIEL,JESUS,CHISVERT,Licenciatura en Administración,23 DE NOVIEMBRE DE 2005 AL 22 DE MAYO DE 2006
C23308218,MIHALACHE,GRAULLERA,SAMSON,Licenciatura en Contaduría,22 DE OCTUBRE DE 1991 AL 19 DE ABRIL DE 1992
02303859,PENKA IVANOVA,SOLIVA,GUADALAJARA,Licenciatura en Contaduría,14 DE MAYO DE 1992 AL 10 DE NOVIEMBRE DE 1992
19301422,MILAGROSA MARIA,COCERA,COBANO,Licenciatura en Contaduría,3 DE OCTUBRE DE 1995 AL 31 DE MARZO DE 1996
17300170,DAILA,CELEDONIO,JULI,Licenciatura en Administración,17 DE MARZO DE 2017 AL 13 DE SEPTIEMBRE DE 2017
91308967,ARIADNE,FAMOSO,ORTUÑEZ,Ingeniería en Electrónica,28 DE ABRIL DE 1991 AL 25 DE OCTUBRE DE 1991
97300522,COLIN JAMES,DO CARMO,ESPINOSA,Ingeniería en Electrónica,8 DE MARZO DE 2014 AL 4 DE SEPTIEMBRE DE 2014
94303149,EVGENIYA,OLMO,NESTARES,Licenciatura en Contaduría,28 DE AGOSTO DE 1988 AL 24 DE FEBRERO DE 1989
10305842,HIGINI,MATO,CARIÑO,Licenciatura en Contaduría,4 DE ENERO DE 1977 AL 3 DE JULIO DE 1977
C88309141,PABLO RODOLFO,LAMRABET,GARCIA CALVO,Licenciatura en Contaduría,9 DE ABRIL DE 2001 AL 6 DE OCTUBRE DE 2001
89303759,RANSES,GUBERT,FLETES,Licenciatura en Administración,30 DE DICIEMBRE DE 1994 AL 28 DE JUNIO DE 1995
C12302581,LARISA,AGILDA,CORGO,Ingeniería en Sistemas Computacionales,31 DE AGOSTO DE 1988 AL 27 DE FEBRERO DE 1989
93303447,EBRAHIMA,LIESA,CABRELLES,Ingeniería en Electrónica,29 DE JUNIO DE 2020 AL 26 DE DICIEMBRE DE 2020
92304339,MARCELA FERNANDA,PALAZON,WHELAN,Ingeniería en Electrónica,4 DE OCTUBRE DE 1986 AL 2 DE ABRIL DE 1987
C87307610,HAI,URRESTILLA,REZMIVES,Ingeniería en Sistemas Computacionales,29 DE AGOSTO DE 2017 AL 25 DE FEBRERO DE 2018
C19301155,FLORIS,LUELMO,LERGA,Ingeniería en Electrónica,11 DE OCTUBRE DE 2001 AL 9 DE ABRIL DE 2002
C03303482,ESMERALDA ROCIO,ACEMEL,EGUILLOR,Licenciatura en Contaduría,17 DE MAYO DE 2017 AL 13 DE NOVIEMBRE DE 2017
90305308,MARJOLEIN,DE ALFONSO,ODERO,Ingeniería en Electrónica,21 DE ABRIL DE 2011 AL 18 DE OCTUBRE DE 2011
78309177,AGUSTIN JOAQUIN,EL MOKADEM,DIXON,Ingeniería Industrial,12 DE MAYO DE 2025 AL 8 DE NOVIEMBRE DE 2025
C78301335,BRANDO,DE LA SEN,ANDRAS,Ingeniería en Sistemas Computacionales,29 DE JULIO DE 2017 AL 25 DE ENERO DE 2018
89303359,JUAN ADAY,GUISERIS,SILANES,Ingeniería en Electrónica,14 DE OCTUBRE DE 2015 AL 11 DE ABRIL DE 2016
93309768,BELKIS MARIA,BUELGA,MARTIN BUITRAGO,Ingeniería en Sistemas Computacionales,15 DE OCTUBRE DE 1998 AL 13 DE ABRIL DE 1999
C96307957,ANGEL DAMIAN,TILVES,SANJORGE,Licenciatura en Contaduría,29 DE MARZO DE 2010 AL 25 DE SEPTIEMBRE DE 2010
22301773,ZHICHENG,DURANTEZ,MANQUILLO,Ingeniería en Electrónica,23 DE MAYO DE 1977 AL 19 DE NOVIEMBRE DE 1977
24303082,SAMEER,RHODES,CHAVARRO,Ingeniería Industrial,25 DE JUNIO DE 1985 AL 22 DE DICIEMBRE DE 1985
98307158,BILMA,RIBOTE,PARACUELLOS,Licenciatura en Contaduría,20 DE AGOSTO DE 2003 AL 16 DE FEBRERO DE 2004
12305960,MIRIAN JESUS,DELANEY,HAJJAJ,Ingeniería en Sistemas Computacionales,22 DE ENERO DE 2016 AL 20 DE JULIO DE 2016
C78301405,NISAMAR,FAMOSO,PANAYOTOVA,Ingeniería en Electrónica,9 DE MAYO DE 2025 AL 5 DE NOVIEMBRE DE 2025
C83303978,JHON JAIME,ARANO,LOPEZ CANO,Ingeniería en Sistemas Computacionales,12 DE MARZO DE 2023 AL 8 DE SEPTIEMBRE DE 2023
C24307641,GALA,DUMITRAS,ALZOLA,Licenciatura en Administración,6 DE MARZO DE 1993 AL 2 DE SEPTIEMBRE DE 1993
C74307800,GISELA MARIA,ARADILLA,TRIANA,Ingeniería en Electrónica,1 DE OCTUBRE DE 2011 AL 29 DE MARZO DE 2012
C83304652,FRIEDA,DONDERIS,TRIMIÑO,Licenciatura en Administración,5 DE JUNIO DE 2020 AL 2 DE DICIEMBRE DE 2020
97304840,VICENS,ZOLTAN,LOUIS,Ingeniería Industrial,13 DE FEBRERO DE 1995 AL 12 DE AGOSTO DE 1995
C75309765,ROSA JULIA,CHADWICK,TRABADELO,Ingeniería en Sistemas Computacionales,20 DE JULIO DE 1983 AL 16 DE ENERO DE 1984
03304644,AGATA,OLAETXEA,ECHEGARAY,Ingeniería en Sistemas Computacionales,3 DE NOVIEMBRE DE 2017 AL 2 DE MAYO DE 2018
C96309844,GEORGINA ELIZABETH,ANGORRILLA,AZCARRAGA,Ingeniería en Sistemas Computacionales,3 DE ENERO DE 1992 AL 1 DE JULIO DE 1992
C92307700,SALUA,AGUILA,VIRLAN,Ingeniería en Sistemas Computacionales,26 DE OCTUBRE DE 1990 AL 24 DE ABRIL DE 1991
12307305,WLADIMIR,RON,CALINESCU,Ingeniería en Sistemas Computacionales,3 DE AGOSTO DE 2017 AL 30 DE ENERO DE 2018
21303116,NAPOLEON,DEL MOLINO,UMBRIA,Ingeniería en Sistemas Computacionales,25 DE AGOSTO DE 1999 AL 21 DE FEBRERO DE 2000
90306314,MAME MOR,WROBEL,COSTINAS,Licenciatura en Contaduría,16 DE ENERO DE 2023 AL 15 DE JULIO DE 2023
88309596,JORG,HOFFMANN,ERCILLA,Ingeniería Industrial,9 DE ENERO DE 1999 AL 8 DE JULIO DE 1999
C85307833,MARIA ALCINA,ARANZUEQUE,SANCHEZ PASTOR,Licenciatura en Contaduría,10 DE JULIO DE 1984 AL 6 DE ENERO DE 1985
85306869,NADEGE,CALABOZO,RUIZ DEL PORTAL,Licenciatura en Contaduría,14 DE MARZO DE 1975 AL 10 DE SEPTIEMBRE DE 1975
95302020,HARVINDER,DE PABLOS,FISAS,Ingeniería en Sistemas Computacionales,18 DE ABRIL DE 1998 AL 15 DE OCTUBRE DE 1998
C74300740,EMILIO GUILLERMO,MIRASOL,MOTINO,Ingeniería Industrial,22 DE NOVIEMBRE DE 2006 AL 21 DE MAYO DE 2007
C07303995,NATHALI,GARCIA IZQUIERDO,AURED,Licenciatura en Contaduría,13 DE DICIEMBRE DE 2003 AL 10 DE JUNIO DE 2004
09303826,CLAUDIA ROSANA,VIRUMBRALES,PALOMANES,Ingeniería Industrial,12 DE FEBRERO DE 2003 AL 11 DE AGOSTO DE 2003
C81302113,BLANCA EULALIA,INORIZA,APRESA,Ingeniería en Sistemas Computacionales,12 DE JUNIO DE 1974 AL 9 DE DICIEMBRE DE 1974
C86305140,CATALINA JUANA,DODD,MENEZO,Licenciatura en Administración,2 DE MAYO DE 2017 AL 29 DE OCTUBRE DE 2017
80301038,JUANA ANGELA,SOROLLA,BOTIN,Ingeniería Industrial,29 DE JUNIO DE 1996 AL 26 DE DICIEMBRE DE 1996
C02305895,JORGE PAULO,ANWAR,BERLIN,Licenciatura en Administración,23 DE DICIEMBRE DE 2007 AL 20 DE JUNIO DE 2008
C75303980,TOMASZ PIOTR,COIDURAS,ROCHA,Ingeniería en Electrónica,6 DE JUNIO DE 2004 AL 3 DE DICIEMBRE DE 2004
07302001,MARIA ASUNCION,ABAUNZA,GARRIGO,Ingeniería Industrial,29 DE SEPTIEMBRE DE 2007 AL 27 DE MARZO DE 2008
08305720,MOHAMED TAREK,SAMPALO,BURGAYA,Ingeniería Industrial,1 DE NOVIEMBRE DE 1975 AL 29 DE ABRIL DE 1976
C16306454,GEMA YOLANDA,EZEQUIEL,LIGORRED,Ingeniería Industrial,13 DE JUNIO DE 2005 AL 10 DE DICIEMBRE DE 2005
C08302538,CAMILO EDUARDO,LOSCERTALES,LARRAN,Ingeniería Industrial,25 DE MAYO DE 1998 AL 21 DE NOVIEMBRE DE 1998
C78305989,MIHAELA ALEXANDRA,SORRIBES,ZEROUALI,Ingeniería Industrial,17 DE DICIEMBRE DE 1977 AL 15 DE JUNIO DE 1978
19306087,MARIANO SANTIAGO,PERELLO,ALMENAR,Ingeniería en Electrónica,22 DE JULIO DE 1978 AL 18 DE ENERO DE 1979
C91304890,NICUSOR,PRADOS,SANABRA,Ingeniería Industrial,26 DE SEPTIEMBRE DE 1991 AL 24 DE MARZO DE 1992
C12306270,LILIAN MABEL,RABA,DAMOTA,Ingeniería en Electrónica,31 DE OCTUBRE DE 2025 AL 29 DE ABRIL DE 2026
C21303933,JOSE GIL,MATESANZ,BEGARA,Ingeniería en Sistemas Computacionales,20 DE FEBRERO DE 2011 AL 19 DE AGOSTO DE 2011
C88308232,KAMELIYA,VALDEOLMILLOS,IONUT,Ingeniería en Electrónica,11 DE MARZO DE 2024 AL 7 DE SEPTIEMBRE DE 2024
C20307417,MIGUEL SALVADOR,LINUESA,REDO,Licenciatura en Administración,10 DE OCTUBRE DE 2022 AL 8 DE ABRIL DE 2023
C17302490,BALMA,GUELBENZU,ORLOVA,Ingeniería Industrial,5 DE MARZO DE 1977 AL 1 DE SEPTIEMBRE DE 1977
C20301914,NAIM,TOWNSEND,ZARZOSO,Ingeniería en Sistemas Computacionales,19 DE DICIEMBRE DE 2017 AL 17 DE JUNIO DE 2018
C17305517,JIMMY PATRICIO,TERRAZA,GARDE,Licenciatura en Contaduría,23 DE JULIO DE 2018 AL 19 DE ENERO DE 2019
76306774,LUZ EDITH,GAMON,CIMARRA,Ingeniería en Electrónica,30 DE AGOSTO DE 1986 AL 26 DE FEBRERO DE 1987
C84307147,LEONIDA,MENCHERO,COSTELA,Ingeniería en Sistemas Computacionales,30 DE MAYO DE 2018 AL 26 DE NOVIEMBRE DE 2018
11305918,EUFRONIO,NOVEJARQUE,VALLEDOR,Licenciatura en Administración,15 DE MAYO DE 2005 AL 11 DE NOVIEMBRE DE 2005
15306650,ANTONIO JAVIER,SAINZ,SILOS,Licenciatura en Administración,8 DE ABRIL DE 2017 AL 5 DE OCTUBRE DE 2017
C95304351,RAFAEL RICARDO,CARRICONDO,TORELLO,Licenciatura en Contaduría,31 DE ENERO DE 2023 AL 30 DE JULIO DE 2023
C12301430,ANAYANSI,TRIFAN,ARRAUSI,Ingeniería en Electrónica,14 DE MAYO DE 1989 AL 10 DE NOVIEMBRE DE 1989
77301559,RAUL GONZALO,BENSENY,MONAGO,Ingeniería en Electrónica,31 DE MARZO DE 1984 AL 27 DE SEPTIEMBRE DE 1984
C90303668,ERIK DANIEL,GARABOTE,ORELLANO,Licenciatura en Administración,21 DE MAYO DE 2013 AL 17 DE NOVIEMBRE DE 2013